datetime,Dry mixing ratio of species ALD2 (mol mol-1 dry)
2015-01-01 12:00:00,1.5211228e-10
2015-01-02 12:00:00,1.7455955e-10
2015-01-03 12:00:00,2.1432299e-10
2015-01-04 12:00:00,2.5871344e-10
2015-01-05 12:00:00,2.8962135e-10
2015-01-06 12:00:00,2.8123956e-10
2015-01-07 12:00:00,2.3895655e-10
2015-01-08 12:00:00,1.888034e-10
2015-01-09 12:00:00,1.828399e-10
2015-01-10 12:00:00,1.8593238e-10
2015-01-11 12:00:00,2.2089996e-10
2015-01-12 12:00:00,1.9966184e-10
2015-01-13 12:00:00,1.881975e-10
2015-01-14 12:00:00,1.8137342e-10
2015-01-15 12:00:00,2.0471976e-10
2015-01-16 12:00:00,2.0579692e-10
2015-01-17 12:00:00,2.3001162e-10
2015-01-18 12:00:00,2.1242233e-10
2015-01-19 12:00:00,1.6538841e-10
2015-01-20 12:00:00,1.265781e-10
2015-01-21 12:00:00,1.3988959e-10
2015-01-22 12:00:00,1.471461e-10
2015-01-23 12:00:00,1.7261421e-10
2015-01-24 12:00:00,1.7582547e-10
2015-01-25 12:00:00,1.7363964e-10
2015-01-26 12:00:00,1.8748832e-10
2015-01-27 12:00:00,2.2464196e-10
2015-01-28 12:00:00,2.460025e-10
2015-01-29 12:00:00,2.492171e-10
2015-01-30 12:00:00,2.2829887e-10
2015-01-31 12:00:00,1.627776e-10
2015-02-01 12:00:00,1.5218451e-10
2015-02-02 12:00:00,1.2550642e-10
2015-02-03 12:00:00,1.3379313e-10
2015-02-04 12:00:00,1.4264424e-10
2015-02-05 12:00:00,1.395027e-10
2015-02-06 12:00:00,1.3788228e-10
2015-02-07 12:00:00,1.0485257e-10
2015-02-08 12:00:00,8.6482266e-11
2015-02-09 12:00:00,8.812154e-11
2015-02-10 12:00:00,8.459602e-11
2015-02-11 12:00:00,9.432734e-11
2015-02-12 12:00:00,1.3050135e-10
2015-02-13 12:00:00,1.5603993e-10
2015-02-14 12:00:00,1.822755e-10
2015-02-15 12:00:00,1.8158491e-10
2015-02-16 12:00:00,1.7332377e-10
2015-02-17 12:00:00,1.850821e-10
2015-02-18 12:00:00,1.7431814e-10
2015-02-19 12:00:00,1.6699514e-10
2015-02-20 12:00:00,1.895785e-10
2015-02-21 12:00:00,2.017375e-10
2015-02-22 12:00:00,2.0017825e-10
2015-02-23 12:00:00,1.8516248e-10
2015-02-24 12:00:00,2.0458385e-10
2015-02-25 12:00:00,2.0247683e-10
2015-02-26 12:00:00,2.0091223e-10
2015-02-27 12:00:00,3.2006436e-10
2015-02-28 12:00:00,2.9714411e-10
2015-03-01 12:00:00,3.4285377e-10
2015-03-02 12:00:00,3.8753514e-10
2015-03-03 12:00:00,3.8554746e-10
2015-03-04 12:00:00,4.2915185e-10
2015-03-05 12:00:00,3.69759e-10
2015-03-06 12:00:00,2.9427258e-10
2015-03-07 12:00:00,2.9185357e-10
2015-03-08 12:00:00,2.1966512e-10
2015-03-09 12:00:00,2.3392582e-10
2015-03-10 12:00:00,3.9689524e-10
2015-03-11 12:00:00,3.9259238e-10
2015-03-12 12:00:00,4.711708e-10
2015-03-13 12:00:00,5.930337e-10
2015-03-14 12:00:00,5.2906657e-10
2015-03-15 12:00:00,3.959173e-10
2015-03-16 12:00:00,2.5112443e-10
2015-03-17 12:00:00,2.382835e-10
2015-03-18 12:00:00,3.3639708e-10
2015-03-19 12:00:00,3.0182762e-10
2015-03-20 12:00:00,2.0426118e-10
2015-03-21 12:00:00,1.7926477e-10
2015-03-22 12:00:00,1.8824368e-10
2015-03-23 12:00:00,1.8412975e-10
2015-03-24 12:00:00,2.0020592e-10
2015-03-25 12:00:00,2.1979281e-10
2015-03-26 12:00:00,2.558151e-10
2015-03-27 12:00:00,2.9958305e-10
2015-03-28 12:00:00,3.4611178e-10
2015-03-29 12:00:00,4.0570816e-10
2015-03-30 12:00:00,4.37147e-10
2015-03-31 12:00:00,5.0757165e-10
2015-04-01 12:00:00,5.834289e-10
2015-04-02 12:00:00,6.09807e-10
2015-04-03 12:00:00,3.8879877e-10
2015-04-04 12:00:00,3.0193317e-10
2015-04-05 12:00:00,2.8125957e-10
2015-04-06 12:00:00,2.4631058e-10
2015-04-07 12:00:00,1.8486532e-10
2015-04-08 12:00:00,2.2573377e-10
2015-04-09 12:00:00,2.9887348e-10
2015-04-10 12:00:00,3.4210124e-10
2015-04-11 12:00:00,3.850999e-10
2015-04-12 12:00:00,3.5627384e-10
2015-04-13 12:00:00,3.361768e-10
2015-04-14 12:00:00,3.065591e-10
2015-04-15 12:00:00,3.1746802e-10
2015-04-16 12:00:00,2.907114e-10
2015-04-17 12:00:00,2.645368e-10
2015-04-18 12:00:00,2.6248992e-10
2015-04-19 12:00:00,2.666908e-10
2015-04-20 12:00:00,2.617207e-10
2015-04-21 12:00:00,2.8614208e-10
2015-04-22 12:00:00,3.048508e-10
2015-04-23 12:00:00,3.454875e-10
2015-04-24 12:00:00,4.3576762e-10
2015-04-25 12:00:00,4.898551e-10
2015-04-26 12:00:00,4.7705145e-10
2015-04-27 12:00:00,3.5871592e-10
2015-04-28 12:00:00,3.2343905e-10
2015-04-29 12:00:00,4.1659837e-10
2015-04-30 12:00:00,5.1305143e-10
2015-05-01 12:00:00,5.405408e-10
2015-05-02 12:00:00,5.5534927e-10
2015-05-03 12:00:00,4.8920656e-10
2015-05-04 12:00:00,4.725208e-10
2015-05-05 12:00:00,3.52715e-10
2015-05-06 12:00:00,2.442317e-10
2015-05-07 12:00:00,3.338601e-10
2015-05-08 12:00:00,4.2194193e-10
2015-05-09 12:00:00,5.1725313e-10
2015-05-10 12:00:00,4.8707116e-10
2015-05-11 12:00:00,4.1283432e-10
2015-05-12 12:00:00,3.7510997e-10
2015-05-13 12:00:00,3.6563227e-10
2015-05-14 12:00:00,3.7537726e-10
2015-05-15 12:00:00,3.4253625e-10
2015-05-16 12:00:00,2.956359e-10
2015-05-17 12:00:00,3.1944578e-10
2015-05-18 12:00:00,4.6686e-10
2015-05-19 12:00:00,4.4190765e-10
2015-05-20 12:00:00,3.9237252e-10
2015-05-21 12:00:00,3.3216757e-10
2015-05-22 12:00:00,3.4573278e-10
2015-05-23 12:00:00,3.4539707e-10
2015-05-24 12:00:00,2.9814362e-10
2015-05-25 12:00:00,2.8317865e-10
2015-05-26 12:00:00,2.8860717e-10
2015-05-27 12:00:00,2.6268937e-10
2015-05-28 12:00:00,2.1870017e-10
2015-05-29 12:00:00,2.0556193e-10
2015-05-30 12:00:00,2.3033953e-10
2015-05-31 12:00:00,3.343202e-10
2015-06-01 12:00:00,4.9157733e-10
2015-06-02 12:00:00,5.848075e-10
2015-06-03 12:00:00,4.9987986e-10
2015-06-04 12:00:00,3.3359757e-10
2015-06-05 12:00:00,2.465344e-10
2015-06-06 12:00:00,2.3495425e-10
2015-06-07 12:00:00,2.4865315e-10
2015-06-08 12:00:00,3.3733732e-10
2015-06-09 12:00:00,5.2750176e-10
2015-06-10 12:00:00,5.6084926e-10
2015-06-11 12:00:00,4.8083565e-10
2015-06-12 12:00:00,4.911696e-10
2015-06-13 12:00:00,4.722009e-10
2015-06-14 12:00:00,4.6804943e-10
2015-06-15 12:00:00,5.2342386e-10
2015-06-16 12:00:00,5.0729476e-10
2015-06-17 12:00:00,4.6732757e-10
2015-06-18 12:00:00,3.931587e-10
2015-06-19 12:00:00,3.6252043e-10
2015-06-20 12:00:00,3.9401069e-10
2015-06-21 12:00:00,4.3603146e-10
2015-06-22 12:00:00,4.5175788e-10
2015-06-23 12:00:00,4.2284562e-10
2015-06-24 12:00:00,4.757299e-10
2015-06-25 12:00:00,4.281885e-10
2015-06-26 12:00:00,3.8348735e-10
2015-06-27 12:00:00,3.0641845e-10
2015-06-28 12:00:00,3.1881262e-10
2015-06-29 12:00:00,4.830385e-10
2015-06-30 12:00:00,4.8846627e-10
2015-07-01 12:00:00,3.342745e-10
2015-07-02 12:00:00,2.7246416e-10
2015-07-03 12:00:00,2.51889e-10
2015-07-04 12:00:00,2.999938e-10
2015-07-05 12:00:00,3.4244962e-10
2015-07-06 12:00:00,2.585068e-10
2015-07-07 12:00:00,1.598376e-10
2015-07-08 12:00:00,1.3255609e-10
2015-07-09 12:00:00,1.434675e-10
2015-07-10 12:00:00,2.1509228e-10
2015-07-11 12:00:00,3.184175e-10
2015-07-12 12:00:00,1.979642e-10
2015-07-13 12:00:00,1.9490654e-10
2015-07-14 12:00:00,1.7311282e-10
2015-07-15 12:00:00,1.5686952e-10
2015-07-16 12:00:00,1.8525352e-10
2015-07-17 12:00:00,3.1806094e-10
2015-07-18 12:00:00,3.1413727e-10
2015-07-19 12:00:00,2.1693677e-10
2015-07-20 12:00:00,2.83988e-10
2015-07-21 12:00:00,2.2702802e-10
2015-07-22 12:00:00,1.7751182e-10
2015-07-23 12:00:00,2.0461874e-10
2015-07-24 12:00:00,2.670517e-10
2015-07-25 12:00:00,2.3174042e-10
2015-07-26 12:00:00,2.0269114e-10
2015-07-27 12:00:00,2.0470532e-10
2015-07-28 12:00:00,1.9307352e-10
2015-07-29 12:00:00,1.9478087e-10
2015-07-30 12:00:00,1.9686393e-10
2015-07-31 12:00:00,1.6858503e-10
2015-08-01 12:00:00,1.994519e-10
2015-08-02 12:00:00,2.0274979e-10
2015-08-03 12:00:00,2.319402e-10
2015-08-04 12:00:00,2.92611e-10
2015-08-05 12:00:00,3.385752e-10
2015-08-06 12:00:00,2.8825245e-10
2015-08-07 12:00:00,2.5703437e-10
2015-08-08 12:00:00,3.2358347e-10
2015-08-09 12:00:00,2.9014358e-10
2015-08-10 12:00:00,2.6475025e-10
2015-08-11 12:00:00,1.9786996e-10
2015-08-12 12:00:00,1.8060088e-10
2015-08-13 12:00:00,1.4626368e-10
2015-08-14 12:00:00,2.0004991e-10
2015-08-15 12:00:00,4.004413e-10
2015-08-16 12:00:00,6.1295996e-10
2015-08-17 12:00:00,5.567953e-10
2015-08-18 12:00:00,3.885179e-10
2015-08-19 12:00:00,2.4399052e-10
2015-08-20 12:00:00,2.3386895e-10
2015-08-21 12:00:00,4.0306347e-10
2015-08-22 12:00:00,7.4508566e-10
2015-08-23 12:00:00,6.0664285e-10
2015-08-24 12:00:00,5.30677e-10
2015-08-25 12:00:00,4.8071475e-10
2015-08-26 12:00:00,5.514653e-10
2015-08-27 12:00:00,4.792552e-10
2015-08-28 12:00:00,3.6341005e-10
2015-08-29 12:00:00,4.230481e-10
2015-08-30 12:00:00,4.4155038e-10
2015-08-31 12:00:00,4.473349e-10
2015-09-01 12:00:00,3.1331013e-10
2015-09-02 12:00:00,1.9403916e-10
2015-09-03 12:00:00,2.37005e-10
2015-09-04 12:00:00,2.869051e-10
2015-09-05 12:00:00,4.1551756e-10
2015-09-06 12:00:00,3.50581e-10
2015-09-07 12:00:00,3.300644e-10
2015-09-08 12:00:00,4.184522e-10
2015-09-09 12:00:00,4.4748086e-10
2015-09-10 12:00:00,3.511449e-10
2015-09-11 12:00:00,5.5729216e-10
2015-09-12 12:00:00,5.9066574e-10
2015-09-13 12:00:00,3.9709427e-10
2015-09-14 12:00:00,3.26665e-10
2015-09-15 12:00:00,3.9452328e-10
2015-09-16 12:00:00,3.3472586e-10
2015-09-17 12:00:00,2.5442407e-10
2015-09-18 12:00:00,2.9075722e-10
2015-09-19 12:00:00,3.2206515e-10
2015-09-20 12:00:00,3.297228e-10
2015-09-21 12:00:00,2.0932224e-10
2015-09-22 12:00:00,1.5324968e-10
2015-09-23 12:00:00,1.5474028e-10
2015-09-24 12:00:00,1.9548259e-10
2015-09-25 12:00:00,2.5599955e-10
2015-09-26 12:00:00,2.806234e-10
2015-09-27 12:00:00,2.7839742e-10
2015-09-28 12:00:00,2.5766728e-10
2015-09-29 12:00:00,2.4178023e-10
2015-09-30 12:00:00,3.3013778e-10
2015-10-01 12:00:00,5.121097e-10
2015-10-02 12:00:00,5.885317e-10
2015-10-03 12:00:00,2.865524e-10
2015-10-04 12:00:00,1.7749983e-10
2015-10-05 12:00:00,5.49879e-10
2015-10-06 12:00:00,7.102478e-10
2015-10-07 12:00:00,5.338706e-10
2015-10-08 12:00:00,3.3118047e-10
2015-10-09 12:00:00,2.1064667e-10
2015-10-10 12:00:00,1.9738418e-10
2015-10-11 12:00:00,1.8269213e-10
2015-10-12 12:00:00,1.742876e-10
2015-10-13 12:00:00,1.806933e-10
2015-10-14 12:00:00,1.4083588e-10
2015-10-15 12:00:00,9.507529e-11
2015-10-16 12:00:00,6.9970724e-11
2015-10-17 12:00:00,1.08658485e-10
2015-10-18 12:00:00,1.7440738e-10
2015-10-19 12:00:00,2.2920167e-10
2015-10-20 12:00:00,2.1941077e-10
2015-10-21 12:00:00,1.7129341e-10
2015-10-22 12:00:00,1.2283699e-10
2015-10-23 12:00:00,1.02357546e-10
2015-10-24 12:00:00,1.1139244e-10
2015-10-25 12:00:00,1.4715124e-10
2015-10-26 12:00:00,2.3928154e-10
2015-10-27 12:00:00,2.470466e-10
2015-10-28 12:00:00,2.200227e-10
2015-10-29 12:00:00,1.8857994e-10
2015-10-30 12:00:00,1.8756631e-10
2015-10-31 12:00:00,2.9408023e-10
2015-11-01 12:00:00,2.935032e-10
2015-11-02 12:00:00,2.4833394e-10
2015-11-03 12:00:00,2.8851754e-10
2015-11-04 12:00:00,3.2926337e-10
2015-11-05 12:00:00,4.010221e-10
2015-11-06 12:00:00,4.3232976e-10
2015-11-07 12:00:00,4.3707862e-10
2015-11-08 12:00:00,3.6753026e-10
2015-11-09 12:00:00,3.4230377e-10
2015-11-10 12:00:00,3.3854408e-10
2015-11-11 12:00:00,3.6988984e-10
2015-11-12 12:00:00,2.3973676e-10
2015-11-13 12:00:00,2.4440414e-10
2015-11-14 12:00:00,2.0507415e-10
2015-11-15 12:00:00,2.134724e-10
2015-11-16 12:00:00,2.7614286e-10
2015-11-17 12:00:00,3.0035008e-10
2015-11-18 12:00:00,3.0962033e-10
2015-11-19 12:00:00,3.3131742e-10
2015-11-20 12:00:00,4.440771e-10
2015-11-21 12:00:00,3.7750283e-10
2015-11-22 12:00:00,3.6062342e-10
2015-11-23 12:00:00,2.021992e-10
2015-11-24 12:00:00,1.9230323e-10
2015-11-25 12:00:00,2.1055553e-10
2015-11-26 12:00:00,2.241606e-10
2015-11-27 12:00:00,2.1396235e-10
2015-11-28 12:00:00,1.7077853e-10
2015-11-29 12:00:00,1.5651146e-10
2015-11-30 12:00:00,1.9908708e-10
2015-12-01 12:00:00,3.0758351e-10
2015-12-02 12:00:00,3.6300327e-10
2015-12-03 12:00:00,3.8288203e-10
2015-12-04 12:00:00,3.678437e-10
2015-12-05 12:00:00,3.9463435e-10
2015-12-06 12:00:00,3.451013e-10
2015-12-07 12:00:00,1.9135603e-10
2015-12-08 12:00:00,1.7117133e-10
2015-12-09 12:00:00,2.0760664e-10
2015-12-10 12:00:00,2.366049e-10
2015-12-11 12:00:00,2.5407715e-10
2015-12-12 12:00:00,1.9626614e-10
2015-12-13 12:00:00,1.3253901e-10
2015-12-14 12:00:00,8.976218e-11
2015-12-15 12:00:00,1.1688694e-10
2015-12-16 12:00:00,1.9805524e-10
2015-12-17 12:00:00,3.3919886e-10
2015-12-18 12:00:00,3.4027717e-10
2015-12-19 12:00:00,3.2163888e-10
2015-12-20 12:00:00,2.8354963e-10
2015-12-21 12:00:00,2.2880398e-10
2015-12-22 12:00:00,2.240563e-10
2015-12-23 12:00:00,2.5115998e-10
2015-12-24 12:00:00,2.9125502e-10
2015-12-25 12:00:00,3.1273142e-10
2015-12-26 12:00:00,2.1584949e-10
2015-12-27 12:00:00,1.9237265e-10
2015-12-28 12:00:00,2.605648e-10
2015-12-29 12:00:00,2.610324e-10
2015-12-30 12:00:00,2.6755323e-10
2015-12-31 12:00:00,2.5541436e-10
2016-01-01 12:00:00,2.269077e-10
2016-01-02 12:00:00,2.1411527e-10
2016-01-03 12:00:00,2.4152585e-10
2016-01-04 12:00:00,2.5412877e-10
2016-01-05 12:00:00,2.1439862e-10
2016-01-06 12:00:00,1.7163176e-10
2016-01-07 12:00:00,1.4796332e-10
2016-01-08 12:00:00,1.0945017e-10
2016-01-09 12:00:00,1.03384766e-10
2016-01-10 12:00:00,1.0803733e-10
2016-01-11 12:00:00,1.1659232e-10
2016-01-12 12:00:00,1.6751577e-10
2016-01-13 12:00:00,1.2336458e-10
2016-01-14 12:00:00,1.4585853e-10
2016-01-15 12:00:00,1.7499403e-10
2016-01-16 12:00:00,2.4381838e-10
2016-01-17 12:00:00,2.5421928e-10
2016-01-18 12:00:00,2.409551e-10
2016-01-19 12:00:00,2.1419017e-10
2016-01-20 12:00:00,2.1623285e-10
2016-01-21 12:00:00,2.6556962e-10
2016-01-22 12:00:00,3.1892353e-10
2016-01-23 12:00:00,3.217794e-10
2016-01-24 12:00:00,2.697692e-10
2016-01-25 12:00:00,2.2981358e-10
2016-01-26 12:00:00,2.50757e-10
2016-01-27 12:00:00,3.0395556e-10
2016-01-28 12:00:00,2.6942634e-10
2016-01-29 12:00:00,2.679843e-10
2016-01-30 12:00:00,2.5713057e-10
2016-01-31 12:00:00,3.2656058e-10
2016-02-01 12:00:00,3.4179345e-10
2016-02-02 12:00:00,3.418044e-10
2016-02-03 12:00:00,3.2616668e-10
2016-02-04 12:00:00,3.2709313e-10
2016-02-05 12:00:00,2.6293645e-10
2016-02-06 12:00:00,2.2803498e-10
2016-02-07 12:00:00,2.4964797e-10
2016-02-08 12:00:00,3.2734596e-10
2016-02-09 12:00:00,4.0230339e-10
2016-02-10 12:00:00,3.4844483e-10
2016-02-11 12:00:00,2.7200636e-10
2016-02-12 12:00:00,2.706471e-10
2016-02-13 12:00:00,2.4796998e-10
2016-02-14 12:00:00,2.3049135e-10
2016-02-15 12:00:00,2.4826266e-10
2016-02-16 12:00:00,2.5351102e-10
2016-02-17 12:00:00,2.4489188e-10
2016-02-18 12:00:00,2.2611464e-10
2016-02-19 12:00:00,1.9680303e-10
2016-02-20 12:00:00,1.7822613e-10
2016-02-21 12:00:00,1.5663966e-10
2016-02-22 12:00:00,1.6995705e-10
2016-02-23 12:00:00,2.2037396e-10
2016-02-24 12:00:00,2.416441e-10
2016-02-25 12:00:00,2.415145e-10
2016-02-26 12:00:00,2.3941893e-10
2016-02-27 12:00:00,2.304739e-10
2016-02-28 12:00:00,2.018835e-10
2016-02-29 12:00:00,1.8079288e-10
2016-03-01 12:00:00,2.6007518e-10
2016-03-02 12:00:00,3.0592662e-10
2016-03-03 12:00:00,2.967604e-10
2016-03-04 12:00:00,2.7985658e-10
2016-03-05 12:00:00,3.0866643e-10
2016-03-06 12:00:00,4.2825388e-10
2016-03-07 12:00:00,2.9947217e-10
2016-03-08 12:00:00,3.0102681e-10
2016-03-09 12:00:00,2.6115457e-10
2016-03-10 12:00:00,2.3884766e-10
2016-03-11 12:00:00,2.3003832e-10
2016-03-12 12:00:00,1.9292123e-10
2016-03-13 12:00:00,1.6225182e-10
2016-03-14 12:00:00,1.7603607e-10
2016-03-15 12:00:00,1.594332e-10
2016-03-16 12:00:00,1.253877e-10
2016-03-17 12:00:00,1.590325e-10
2016-03-18 12:00:00,2.482887e-10
2016-03-19 12:00:00,2.8609348e-10
2016-03-20 12:00:00,2.6357688e-10
2016-03-21 12:00:00,2.6328809e-10
2016-03-22 12:00:00,2.9471406e-10
2016-03-23 12:00:00,2.7471106e-10
2016-03-24 12:00:00,2.6159785e-10
2016-03-25 12:00:00,2.929625e-10
2016-03-26 12:00:00,2.9917382e-10
2016-03-27 12:00:00,3.7780062e-10
2016-03-28 12:00:00,4.0774167e-10
2016-03-29 12:00:00,2.7883396e-10
2016-03-30 12:00:00,1.8858239e-10
2016-03-31 12:00:00,2.1124821e-10
2016-04-01 12:00:00,2.1415861e-10
2016-04-02 12:00:00,2.1236933e-10
2016-04-03 12:00:00,2.404512e-10
2016-04-04 12:00:00,2.8983316e-10
2016-04-05 12:00:00,3.381597e-10
2016-04-06 12:00:00,3.239609e-10
2016-04-07 12:00:00,2.9011252e-10
2016-04-08 12:00:00,2.3852897e-10
2016-04-09 12:00:00,2.604225e-10
2016-04-10 12:00:00,2.3998245e-10
2016-04-11 12:00:00,1.8524086e-10
2016-04-12 12:00:00,2.1097996e-10
2016-04-13 12:00:00,2.845456e-10
2016-04-14 12:00:00,3.0719294e-10
2016-04-15 12:00:00,3.5684225e-10
2016-04-16 12:00:00,4.706843e-10
2016-04-17 12:00:00,5.308791e-10
2016-04-18 12:00:00,4.4396078e-10
2016-04-19 12:00:00,4.2425627e-10
2016-04-20 12:00:00,3.9981288e-10
2016-04-21 12:00:00,4.3049422e-10
2016-04-22 12:00:00,5.6563465e-10
2016-04-23 12:00:00,5.1083265e-10
2016-04-24 12:00:00,4.725617e-10
2016-04-25 12:00:00,4.0644477e-10
2016-04-26 12:00:00,3.5904058e-10
2016-04-27 12:00:00,3.1003136e-10
2016-04-28 12:00:00,2.0566461e-10
2016-04-29 12:00:00,1.6065457e-10
2016-04-30 12:00:00,2.5130126e-10
2016-05-01 12:00:00,3.2431152e-10
2016-05-02 12:00:00,3.0263458e-10
2016-05-03 12:00:00,2.509915e-10
2016-05-04 12:00:00,2.0251997e-10
2016-05-05 12:00:00,2.1010542e-10
2016-05-06 12:00:00,2.132331e-10
2016-05-07 12:00:00,1.8315696e-10
2016-05-08 12:00:00,1.4489616e-10
2016-05-09 12:00:00,1.0994234e-10
2016-05-10 12:00:00,9.412123e-11
2016-05-11 12:00:00,1.15575854e-10
2016-05-12 12:00:00,1.700291e-10
2016-05-13 12:00:00,2.3477303e-10
2016-05-14 12:00:00,2.601723e-10
2016-05-15 12:00:00,2.3315025e-10
2016-05-16 12:00:00,2.1780512e-10
2016-05-17 12:00:00,2.5543775e-10
2016-05-18 12:00:00,2.747867e-10
2016-05-19 12:00:00,2.8437144e-10
2016-05-20 12:00:00,2.5823815e-10
2016-05-21 12:00:00,1.8546904e-10
2016-05-22 12:00:00,1.862758e-10
2016-05-23 12:00:00,1.8710922e-10
2016-05-24 12:00:00,2.2507557e-10
2016-05-25 12:00:00,2.2981593e-10
2016-05-26 12:00:00,1.7793718e-10
2016-05-27 12:00:00,1.9381613e-10
2016-05-28 12:00:00,2.6205135e-10
2016-05-29 12:00:00,3.6037076e-10
2016-05-30 12:00:00,3.7424167e-10
2016-05-31 12:00:00,3.4973477e-10
2016-06-01 12:00:00,3.7256295e-10
2016-06-02 12:00:00,3.6378858e-10
2016-06-03 12:00:00,4.139782e-10
2016-06-04 12:00:00,4.3218001e-10
2016-06-05 12:00:00,3.7280543e-10
2016-06-06 12:00:00,3.3363137e-10
2016-06-07 12:00:00,2.9146685e-10
2016-06-08 12:00:00,3.300489e-10
2016-06-09 12:00:00,5.0157545e-10
2016-06-10 12:00:00,5.682196e-10
2016-06-11 12:00:00,4.5197115e-10
2016-06-12 12:00:00,2.0081124e-10
2016-06-13 12:00:00,1.4639258e-10
2016-06-14 12:00:00,2.5555696e-10
2016-06-15 12:00:00,3.1422476e-10
2016-06-16 12:00:00,2.5329067e-10
2016-06-17 12:00:00,2.0875951e-10
2016-06-18 12:00:00,2.2904255e-10
2016-06-19 12:00:00,3.0783376e-10
2016-06-20 12:00:00,4.033024e-10
2016-06-21 12:00:00,5.306073e-10
2016-06-22 12:00:00,4.2442952e-10
2016-06-23 12:00:00,2.3286903e-10
2016-06-24 12:00:00,1.5144426e-10
2016-06-25 12:00:00,1.8209989e-10
2016-06-26 12:00:00,2.693134e-10
2016-06-27 12:00:00,4.0055814e-10
2016-06-28 12:00:00,4.3642587e-10
2016-06-29 12:00:00,3.4758693e-10
2016-06-30 12:00:00,3.4490663e-10
2016-07-01 12:00:00,2.9763303e-10
2016-07-02 12:00:00,3.6509198e-10
2016-07-03 12:00:00,3.0000893e-10
2016-07-04 12:00:00,1.7789925e-10
2016-07-05 12:00:00,1.5821912e-10
2016-07-06 12:00:00,2.337807e-10
2016-07-07 12:00:00,2.6695826e-10
2016-07-08 12:00:00,2.35248e-10
2016-07-09 12:00:00,1.7634823e-10
2016-07-10 12:00:00,1.1046431e-10
2016-07-11 12:00:00,1.3423108e-10
2016-07-12 12:00:00,2.2117312e-10
2016-07-13 12:00:00,2.5031588e-10
2016-07-14 12:00:00,2.1904624e-10
2016-07-15 12:00:00,1.2285464e-10
2016-07-16 12:00:00,1.03538095e-10
2016-07-17 12:00:00,2.3389368e-10
2016-07-18 12:00:00,3.364709e-10
2016-07-19 12:00:00,3.0712619e-10
2016-07-20 12:00:00,2.2169332e-10
2016-07-21 12:00:00,1.2791145e-10
2016-07-22 12:00:00,1.2890719e-10
2016-07-23 12:00:00,2.0644692e-10
2016-07-24 12:00:00,1.5403234e-10
2016-07-25 12:00:00,1.3086987e-10
2016-07-26 12:00:00,1.2673443e-10
2016-07-27 12:00:00,2.3512348e-10
2016-07-28 12:00:00,3.450055e-10
2016-07-29 12:00:00,2.6235863e-10
2016-07-30 12:00:00,1.470679e-10
2016-07-31 12:00:00,1.4515146e-10
2016-08-01 12:00:00,3.7522205e-10
2016-08-02 12:00:00,4.8827403e-10
2016-08-03 12:00:00,3.2269887e-10
2016-08-04 12:00:00,2.9588346e-10
2016-08-05 12:00:00,2.8211805e-10
2016-08-06 12:00:00,1.5602188e-10
2016-08-07 12:00:00,7.288233e-11
2016-08-08 12:00:00,1.5319164e-10
2016-08-09 12:00:00,2.948108e-10
2016-08-10 12:00:00,1.9343654e-10
2016-08-11 12:00:00,1.5152239e-10
2016-08-12 12:00:00,1.5176245e-10
2016-08-13 12:00:00,1.8360391e-10
2016-08-14 12:00:00,3.4417122e-10
2016-08-15 12:00:00,4.3454218e-10
2016-08-16 12:00:00,2.8922129e-10
2016-08-17 12:00:00,1.995256e-10
2016-08-18 12:00:00,2.546772e-10
2016-08-19 12:00:00,3.5429487e-10
2016-08-20 12:00:00,3.270225e-10
2016-08-21 12:00:00,4.5061324e-10
2016-08-22 12:00:00,6.09242e-10
2016-08-23 12:00:00,6.301135e-10
2016-08-24 12:00:00,5.3021487e-10
2016-08-25 12:00:00,5.563081e-10
2016-08-26 12:00:00,3.7671355e-10
2016-08-27 12:00:00,1.7177915e-10
2016-08-28 12:00:00,1.9329459e-10
2016-08-29 12:00:00,4.3103587e-10
2016-08-30 12:00:00,8.877676e-10
2016-08-31 12:00:00,7.876464e-10
2016-09-01 12:00:00,4.3541068e-10
2016-09-02 12:00:00,3.1972358e-10
2016-09-03 12:00:00,3.45642e-10
2016-09-04 12:00:00,3.0355166e-10
2016-09-05 12:00:00,4.563993e-10
2016-09-06 12:00:00,6.421376e-10
2016-09-07 12:00:00,5.3600124e-10
2016-09-08 12:00:00,4.79899e-10
2016-09-09 12:00:00,3.7879536e-10
2016-09-10 12:00:00,3.4600825e-10
2016-09-11 12:00:00,2.914237e-10
2016-09-12 12:00:00,2.7524036e-10
2016-09-13 12:00:00,3.7990874e-10
2016-09-14 12:00:00,3.162354e-10
2016-09-15 12:00:00,2.2671019e-10
2016-09-16 12:00:00,4.1634285e-10
2016-09-17 12:00:00,4.194391e-10
2016-09-18 12:00:00,5.1165644e-10
2016-09-19 12:00:00,6.153379e-10
2016-09-20 12:00:00,6.123308e-10
2016-09-21 12:00:00,4.301085e-10
2016-09-22 12:00:00,3.0275382e-10
2016-09-23 12:00:00,5.253e-10
2016-09-24 12:00:00,6.4234457e-10
2016-09-25 12:00:00,5.2015736e-10
2016-09-26 12:00:00,4.432807e-10
2016-09-27 12:00:00,4.7858945e-10
2016-09-28 12:00:00,4.2536752e-10
2016-09-29 12:00:00,4.1265222e-10
2016-09-30 12:00:00,4.4757506e-10
2016-10-01 12:00:00,3.835627e-10
2016-10-02 12:00:00,3.4012743e-10
2016-10-03 12:00:00,3.4547282e-10
2016-10-04 12:00:00,3.6843742e-10
2016-10-05 12:00:00,3.1675745e-10
2016-10-06 12:00:00,2.3406285e-10
2016-10-07 12:00:00,1.7220202e-10
2016-10-08 12:00:00,2.394838e-10
2016-10-09 12:00:00,3.7391976e-10
2016-10-10 12:00:00,4.7982557e-10
2016-10-11 12:00:00,4.841326e-10
2016-10-12 12:00:00,4.7353244e-10
2016-10-13 12:00:00,4.013914e-10
2016-10-14 12:00:00,3.8590942e-10
2016-10-15 12:00:00,2.5688293e-10
2016-10-16 12:00:00,1.1185158e-10
2016-10-17 12:00:00,9.591694e-11
2016-10-18 12:00:00,2.6093216e-10
2016-10-19 12:00:00,4.722884e-10
2016-10-20 12:00:00,4.159456e-10
2016-10-21 12:00:00,2.6862595e-10
2016-10-22 12:00:00,2.1693258e-10
2016-10-23 12:00:00,2.1350019e-10
2016-10-24 12:00:00,1.6831421e-10
2016-10-25 12:00:00,1.1484754e-10
2016-10-26 12:00:00,1.002016e-10
2016-10-27 12:00:00,1.1366525e-10
2016-10-28 12:00:00,1.653324e-10
2016-10-29 12:00:00,2.1450508e-10
2016-10-30 12:00:00,4.0349077e-10
2016-10-31 12:00:00,5.1118626e-10
2016-11-01 12:00:00,4.6158607e-10
2016-11-02 12:00:00,3.9810466e-10
2016-11-03 12:00:00,3.2841457e-10
2016-11-04 12:00:00,2.5761576e-10
2016-11-05 12:00:00,1.525665e-10
2016-11-06 12:00:00,1.4154826e-10
2016-11-07 12:00:00,1.4160884e-10
2016-11-08 12:00:00,1.755184e-10
2016-11-09 12:00:00,2.565763e-10
2016-11-10 12:00:00,3.5046385e-10
2016-11-11 12:00:00,2.8701921e-10
2016-11-12 12:00:00,2.9743888e-10
2016-11-13 12:00:00,2.305376e-10
2016-11-14 12:00:00,2.0565143e-10
2016-11-15 12:00:00,1.6689336e-10
2016-11-16 12:00:00,1.083746e-10
2016-11-17 12:00:00,9.580334e-11
2016-11-18 12:00:00,1.0151094e-10
2016-11-19 12:00:00,1.6700598e-10
2016-11-20 12:00:00,2.3010856e-10
2016-11-21 12:00:00,2.569019e-10
2016-11-22 12:00:00,1.6191447e-10
2016-11-23 12:00:00,1.8212669e-10
2016-11-24 12:00:00,1.9613995e-10
2016-11-25 12:00:00,1.6212652e-10
2016-11-26 12:00:00,1.2679763e-10
2016-11-27 12:00:00,1.514406e-10
2016-11-28 12:00:00,1.4893976e-10
2016-11-29 12:00:00,1.1918534e-10
2016-11-30 12:00:00,9.096716e-11
2016-12-01 12:00:00,1.2239738e-10
2016-12-02 12:00:00,1.36068e-10
2016-12-03 12:00:00,1.8743852e-10
2016-12-04 12:00:00,1.8185502e-10
2016-12-05 12:00:00,1.9539309e-10
2016-12-06 12:00:00,1.8787578e-10
2016-12-07 12:00:00,1.9691802e-10
2016-12-08 12:00:00,1.8091457e-10
2016-12-09 12:00:00,1.7960813e-10
2016-12-10 12:00:00,2.1347792e-10
2016-12-11 12:00:00,2.0064081e-10
2016-12-12 12:00:00,1.8404993e-10
2016-12-13 12:00:00,1.9950379e-10
2016-12-14 12:00:00,2.2215078e-10
2016-12-15 12:00:00,2.5309077e-10
2016-12-16 12:00:00,2.5495475e-10
2016-12-17 12:00:00,2.2550702e-10
2016-12-18 12:00:00,1.68834e-10
2016-12-19 12:00:00,1.6955926e-10
2016-12-20 12:00:00,1.8943315e-10
2016-12-21 12:00:00,1.687384e-10
2016-12-22 12:00:00,1.6220882e-10
2016-12-23 12:00:00,1.7187755e-10
2016-12-24 12:00:00,1.9596552e-10
2016-12-25 12:00:00,2.805958e-10
2016-12-26 12:00:00,2.9979844e-10
2016-12-27 12:00:00,3.3769626e-10
2016-12-28 12:00:00,2.682381e-10
2016-12-29 12:00:00,2.8299132e-10
2016-12-30 12:00:00,3.20308e-10
2016-12-31 12:00:00,3.119063e-10
2017-01-01 12:00:00,2.6913402e-10
2017-01-02 12:00:00,2.187068e-10
2017-01-03 12:00:00,1.9313078e-10
2017-01-04 12:00:00,2.3168906e-10
2017-01-05 12:00:00,2.1153128e-10
2017-01-06 12:00:00,1.3069834e-10
2017-01-07 12:00:00,9.9014484e-11
2017-01-08 12:00:00,7.9507005e-11
2017-01-09 12:00:00,1.2854261e-10
2017-01-10 12:00:00,2.1756902e-10
2017-01-11 12:00:00,3.0042932e-10
2017-01-12 12:00:00,2.1855441e-10
2017-01-13 12:00:00,1.7279256e-10
2017-01-14 12:00:00,1.6644679e-10
2017-01-15 12:00:00,1.7285852e-10
2017-01-16 12:00:00,1.5569106e-10
2017-01-17 12:00:00,1.41669e-10
2017-01-18 12:00:00,1.6061558e-10
2017-01-19 12:00:00,2.0831253e-10
2017-01-20 12:00:00,1.936313e-10
2017-01-21 12:00:00,1.7219282e-10
2017-01-22 12:00:00,1.7556345e-10
2017-01-23 12:00:00,1.8243929e-10
2017-01-24 12:00:00,1.9404904e-10
2017-01-25 12:00:00,1.6985334e-10
2017-01-26 12:00:00,1.4792015e-10
2017-01-27 12:00:00,1.558366e-10
2017-01-28 12:00:00,1.700815e-10
2017-01-29 12:00:00,1.8929702e-10
2017-01-30 12:00:00,1.8181111e-10
2017-01-31 12:00:00,1.5583197e-10
2017-02-01 12:00:00,1.8289709e-10
2017-02-02 12:00:00,2.0495765e-10
2017-02-03 12:00:00,2.1134368e-10
2017-02-04 12:00:00,2.442548e-10
2017-02-05 12:00:00,3.0322772e-10
2017-02-06 12:00:00,2.9629338e-10
2017-02-07 12:00:00,2.743006e-10
2017-02-08 12:00:00,2.650737e-10
2017-02-09 12:00:00,2.2815527e-10
2017-02-10 12:00:00,2.0154177e-10
2017-02-11 12:00:00,1.6136292e-10
2017-02-12 12:00:00,1.0153198e-10
2017-02-13 12:00:00,7.440449e-11
2017-02-14 12:00:00,8.060609e-11
2017-02-15 12:00:00,1.12862726e-10
2017-02-16 12:00:00,1.4896823e-10
2017-02-17 12:00:00,1.4683607e-10
2017-02-18 12:00:00,1.7144969e-10
2017-02-19 12:00:00,2.369144e-10
2017-02-20 12:00:00,1.6760239e-10
2017-02-21 12:00:00,1.3684427e-10
2017-02-22 12:00:00,1.3055279e-10
2017-02-23 12:00:00,1.268205e-10
2017-02-24 12:00:00,1.3710888e-10
2017-02-25 12:00:00,1.513143e-10
2017-02-26 12:00:00,1.6780183e-10
2017-02-27 12:00:00,1.5592279e-10
2017-02-28 12:00:00,1.2744823e-10
2017-03-01 12:00:00,1.5140694e-10
2017-03-02 12:00:00,2.117502e-10
2017-03-03 12:00:00,2.4142707e-10
2017-03-04 12:00:00,2.9584382e-10
2017-03-05 12:00:00,3.9142645e-10
2017-03-06 12:00:00,4.4552514e-10
2017-03-07 12:00:00,3.8979467e-10
2017-03-08 12:00:00,3.4171904e-10
2017-03-09 12:00:00,3.0002964e-10
2017-03-10 12:00:00,2.7157185e-10
2017-03-11 12:00:00,2.3459137e-10
2017-03-12 12:00:00,2.1212883e-10
2017-03-13 12:00:00,2.1116947e-10
2017-03-14 12:00:00,2.6662375e-10
2017-03-15 12:00:00,3.7639517e-10
2017-03-16 12:00:00,3.4269546e-10
2017-03-17 12:00:00,2.3181332e-10
2017-03-18 12:00:00,2.1400567e-10
2017-03-19 12:00:00,2.1615319e-10
2017-03-20 12:00:00,2.0707086e-10
2017-03-21 12:00:00,2.665891e-10
2017-03-22 12:00:00,2.48666e-10
2017-03-23 12:00:00,1.7032983e-10
2017-03-24 12:00:00,1.7202076e-10
2017-03-25 12:00:00,1.9369986e-10
2017-03-26 12:00:00,2.0575053e-10
2017-03-27 12:00:00,2.4080082e-10
2017-03-28 12:00:00,3.1943506e-10
2017-03-29 12:00:00,3.8232598e-10
2017-03-30 12:00:00,4.5655252e-10
2017-03-31 12:00:00,4.1937914e-10
2017-04-01 12:00:00,4.6837345e-10
2017-04-02 12:00:00,6.238252e-10
2017-04-03 12:00:00,4.871516e-10
2017-04-04 12:00:00,5.302091e-10
2017-04-05 12:00:00,5.389873e-10
2017-04-06 12:00:00,4.0393275e-10
2017-04-07 12:00:00,3.7057413e-10
2017-04-08 12:00:00,2.9541475e-10
2017-04-09 12:00:00,3.121054e-10
2017-04-10 12:00:00,3.909095e-10
2017-04-11 12:00:00,5.048177e-10
2017-04-12 12:00:00,4.0888465e-10
2017-04-13 12:00:00,4.804369e-10
2017-04-14 12:00:00,3.1883018e-10
2017-04-15 12:00:00,2.4404312e-10
2017-04-16 12:00:00,2.8103178e-10
2017-04-17 12:00:00,2.6047953e-10
2017-04-18 12:00:00,2.0357555e-10
2017-04-19 12:00:00,1.7621264e-10
2017-04-20 12:00:00,2.2522416e-10
2017-04-21 12:00:00,3.0594735e-10
2017-04-22 12:00:00,3.6812653e-10
2017-04-23 12:00:00,3.6451017e-10
2017-04-24 12:00:00,3.0455702e-10
2017-04-25 12:00:00,2.1132569e-10
2017-04-26 12:00:00,1.5267554e-10
2017-04-27 12:00:00,1.4390071e-10
2017-04-28 12:00:00,1.578737e-10
2017-04-29 12:00:00,1.7976577e-10
2017-04-30 12:00:00,2.056607e-10
2017-05-01 12:00:00,2.2664971e-10
2017-05-02 12:00:00,1.9953769e-10
2017-05-03 12:00:00,1.5677853e-10
2017-05-04 12:00:00,1.552434e-10
2017-05-05 12:00:00,1.5585727e-10
2017-05-06 12:00:00,2.1539724e-10
2017-05-07 12:00:00,2.2671617e-10
2017-05-08 12:00:00,2.8064862e-10
2017-05-09 12:00:00,4.0119297e-10
2017-05-10 12:00:00,3.6589118e-10
2017-05-11 12:00:00,2.4476143e-10
2017-05-12 12:00:00,2.3274027e-10
2017-05-13 12:00:00,2.6593e-10
2017-05-14 12:00:00,2.9137814e-10
2017-05-15 12:00:00,3.4945155e-10
2017-05-16 12:00:00,4.954361e-10
2017-05-17 12:00:00,5.893214e-10
2017-05-18 12:00:00,5.663591e-10
2017-05-19 12:00:00,4.080946e-10
2017-05-20 12:00:00,2.6200692e-10
2017-05-21 12:00:00,2.241332e-10
2017-05-22 12:00:00,2.5278388e-10
2017-05-23 12:00:00,2.668427e-10
2017-05-24 12:00:00,3.0203937e-10
2017-05-25 12:00:00,3.554651e-10
2017-05-26 12:00:00,3.0179673e-10
2017-05-27 12:00:00,2.576023e-10
2017-05-28 12:00:00,2.2201625e-10
2017-05-29 12:00:00,2.407726e-10
2017-05-30 12:00:00,3.045163e-10
2017-05-31 12:00:00,3.0722613e-10
2017-06-01 12:00:00,2.7181676e-10
2017-06-02 12:00:00,2.7531868e-10
2017-06-03 12:00:00,2.730959e-10
2017-06-04 12:00:00,3.4675665e-10
2017-06-05 12:00:00,4.0936937e-10
2017-06-06 12:00:00,3.8557724e-10
2017-06-07 12:00:00,3.5789108e-10
2017-06-08 12:00:00,4.2621584e-10
2017-06-09 12:00:00,4.2431092e-10
2017-06-10 12:00:00,3.9799036e-10
2017-06-11 12:00:00,3.5507933e-10
2017-06-12 12:00:00,2.9734096e-10
2017-06-13 12:00:00,2.713914e-10
2017-06-14 12:00:00,2.6105454e-10
2017-06-15 12:00:00,3.2341518e-10
2017-06-16 12:00:00,3.371079e-10
2017-06-17 12:00:00,2.835842e-10
2017-06-18 12:00:00,2.0313923e-10
2017-06-19 12:00:00,1.8806967e-10
2017-06-20 12:00:00,1.952634e-10
2017-06-21 12:00:00,2.7488528e-10
2017-06-22 12:00:00,4.2555154e-10
2017-06-23 12:00:00,4.4130705e-10
2017-06-24 12:00:00,4.1743137e-10
2017-06-25 12:00:00,4.7043086e-10
2017-06-26 12:00:00,4.8372184e-10
2017-06-27 12:00:00,3.112034e-10
2017-06-28 12:00:00,1.8633546e-10
2017-06-29 12:00:00,1.9377856e-10
2017-06-30 12:00:00,4.2404905e-10
2017-07-01 12:00:00,2.711702e-10
2017-07-02 12:00:00,1.4664601e-10
2017-07-03 12:00:00,1.490466e-10
2017-07-04 12:00:00,1.9216138e-10
2017-07-05 12:00:00,2.3258594e-10
2017-07-06 12:00:00,2.414146e-10
2017-07-07 12:00:00,1.9730217e-10
2017-07-08 12:00:00,1.8011637e-10
2017-07-09 12:00:00,2.5440766e-10
2017-07-10 12:00:00,2.7454025e-10
2017-07-11 12:00:00,2.0570318e-10
2017-07-12 12:00:00,1.2860354e-10
2017-07-13 12:00:00,1.1251696e-10
2017-07-14 12:00:00,1.4179055e-10
2017-07-15 12:00:00,1.6292441e-10
2017-07-16 12:00:00,1.5813621e-10
2017-07-17 12:00:00,1.513676e-10
2017-07-18 12:00:00,1.7840032e-10
2017-07-19 12:00:00,2.0669581e-10
2017-07-20 12:00:00,1.8028164e-10
2017-07-21 12:00:00,1.2435346e-10
2017-07-22 12:00:00,1.2397978e-10
2017-07-23 12:00:00,1.6203379e-10
2017-07-24 12:00:00,1.8919774e-10
2017-07-25 12:00:00,1.5132096e-10
2017-07-26 12:00:00,1.1243288e-10
2017-07-27 12:00:00,1.494498e-10
2017-07-28 12:00:00,2.4336463e-10
2017-07-29 12:00:00,2.0275734e-10
2017-07-30 12:00:00,2.895691e-10
2017-07-31 12:00:00,2.6378413e-10
2017-08-01 12:00:00,2.2626304e-10
2017-08-02 12:00:00,2.6801722e-10
2017-08-03 12:00:00,3.681217e-10
2017-08-04 12:00:00,3.668879e-10
2017-08-05 12:00:00,2.7532868e-10
2017-08-06 12:00:00,2.802673e-10
2017-08-07 12:00:00,3.0741032e-10
2017-08-08 12:00:00,2.3814786e-10
2017-08-09 12:00:00,1.8571995e-10
2017-08-10 12:00:00,2.2057559e-10
2017-08-11 12:00:00,2.391211e-10
2017-08-12 12:00:00,1.6576521e-10
2017-08-13 12:00:00,3.5057e-10
2017-08-14 12:00:00,4.0479062e-10
2017-08-15 12:00:00,3.2094383e-10
2017-08-16 12:00:00,4.7736165e-10
2017-08-17 12:00:00,5.7725347e-10
2017-08-18 12:00:00,4.770514e-10
2017-08-19 12:00:00,6.146521e-10
2017-08-20 12:00:00,6.2467953e-10
2017-08-21 12:00:00,4.9773874e-10
2017-08-22 12:00:00,4.462441e-10
2017-08-23 12:00:00,2.32255e-10
2017-08-24 12:00:00,3.5419123e-10
2017-08-25 12:00:00,1.6956084e-10
2017-08-26 12:00:00,1.05681824e-10
2017-08-27 12:00:00,2.1042688e-10
2017-08-28 12:00:00,4.5618184e-10
2017-08-29 12:00:00,5.580491e-10
2017-08-30 12:00:00,3.634854e-10
2017-08-31 12:00:00,3.1252786e-10
2017-09-01 12:00:00,2.9496608e-10
2017-09-02 12:00:00,2.3102523e-10
2017-09-03 12:00:00,1.7906983e-10
2017-09-04 12:00:00,1.724845e-10
2017-09-05 12:00:00,2.7111527e-10
2017-09-06 12:00:00,5.201227e-10
2017-09-07 12:00:00,4.0961157e-10
2017-09-08 12:00:00,2.587512e-10
2017-09-09 12:00:00,2.9668404e-10
2017-09-10 12:00:00,4.3705536e-10
2017-09-11 12:00:00,4.9000953e-10
2017-09-12 12:00:00,4.527601e-10
2017-09-13 12:00:00,4.1422463e-10
2017-09-14 12:00:00,3.4259554e-10
2017-09-15 12:00:00,2.7229927e-10
2017-09-16 12:00:00,1.6444013e-10
2017-09-17 12:00:00,1.8848607e-10
2017-09-18 12:00:00,3.6881423e-10
2017-09-19 12:00:00,3.4190037e-10
2017-09-20 12:00:00,3.9935039e-10
2017-09-21 12:00:00,6.138926e-10
2017-09-22 12:00:00,6.033425e-10
2017-09-23 12:00:00,3.2341316e-10
2017-09-24 12:00:00,2.049456e-10
2017-09-25 12:00:00,1.8051206e-10
2017-09-26 12:00:00,1.7816568e-10
2017-09-27 12:00:00,2.3044237e-10
2017-09-28 12:00:00,4.562745e-10
2017-09-29 12:00:00,7.39219e-10
2017-09-30 12:00:00,7.9206736e-10
2017-10-01 12:00:00,5.6313293e-10
2017-10-02 12:00:00,3.8722237e-10
2017-10-03 12:00:00,3.1258202e-10
2017-10-04 12:00:00,2.5705532e-10
2017-10-05 12:00:00,2.630066e-10
2017-10-06 12:00:00,4.1074627e-10
2017-10-07 12:00:00,5.4650395e-10
2017-10-08 12:00:00,6.241201e-10
2017-10-09 12:00:00,5.288095e-10
2017-10-10 12:00:00,3.6128062e-10
2017-10-11 12:00:00,3.0904088e-10
2017-10-12 12:00:00,3.329713e-10
2017-10-13 12:00:00,3.739181e-10
2017-10-14 12:00:00,5.3484417e-10
2017-10-15 12:00:00,7.3011436e-10
2017-10-16 12:00:00,7.2602807e-10
2017-10-17 12:00:00,6.2834615e-10
2017-10-18 12:00:00,5.7814636e-10
2017-10-19 12:00:00,5.8776717e-10
2017-10-20 12:00:00,5.334312e-10
2017-10-21 12:00:00,4.838004e-10
2017-10-22 12:00:00,4.6964305e-10
2017-10-23 12:00:00,4.2330361e-10
2017-10-24 12:00:00,3.939303e-10
2017-10-25 12:00:00,3.650544e-10
2017-10-26 12:00:00,2.8575953e-10
2017-10-27 12:00:00,2.742971e-10
2017-10-28 12:00:00,3.974894e-10
2017-10-29 12:00:00,5.0660826e-10
2017-10-30 12:00:00,6.297611e-10
2017-10-31 12:00:00,4.5230994e-10
2017-11-01 12:00:00,3.1252717e-10
2017-11-02 12:00:00,2.5942992e-10
2017-11-03 12:00:00,2.6853697e-10
2017-11-04 12:00:00,2.237614e-10
2017-11-05 12:00:00,2.0861235e-10
2017-11-06 12:00:00,1.9594103e-10
2017-11-07 12:00:00,1.322159e-10
2017-11-08 12:00:00,1.15817696e-10
2017-11-09 12:00:00,1.1881385e-10
2017-11-10 12:00:00,1.4171728e-10
2017-11-11 12:00:00,2.2492093e-10
2017-11-12 12:00:00,4.2036982e-10
2017-11-13 12:00:00,5.4716554e-10
2017-11-14 12:00:00,4.5733667e-10
2017-11-15 12:00:00,3.1219452e-10
2017-11-16 12:00:00,2.420452e-10
2017-11-17 12:00:00,2.3144049e-10
2017-11-18 12:00:00,2.0009222e-10
2017-11-19 12:00:00,1.9703329e-10
2017-11-20 12:00:00,1.7626998e-10
2017-11-21 12:00:00,1.3140787e-10
2017-11-22 12:00:00,1.06099775e-10
2017-11-23 12:00:00,8.5493994e-11
2017-11-24 12:00:00,4.844448e-11
2017-11-25 12:00:00,5.840219e-11
2017-11-26 12:00:00,9.2133155e-11
2017-11-27 12:00:00,2.9288832e-10
2017-11-28 12:00:00,3.3674644e-10
2017-11-29 12:00:00,3.134555e-10
2017-11-30 12:00:00,3.0752031e-10
2017-12-01 12:00:00,2.90773e-10
2017-12-02 12:00:00,2.9008285e-10
2017-12-03 12:00:00,2.389172e-10
2017-12-04 12:00:00,1.8595447e-10
2017-12-05 12:00:00,1.9138584e-10
2017-12-06 12:00:00,2.679246e-10
2017-12-07 12:00:00,3.2835148e-10
2017-12-08 12:00:00,3.027678e-10
2017-12-09 12:00:00,2.7994249e-10
2017-12-10 12:00:00,2.7986843e-10
2017-12-11 12:00:00,2.5668595e-10
2017-12-12 12:00:00,1.7524533e-10
2017-12-13 12:00:00,1.9641905e-10
2017-12-14 12:00:00,2.0534992e-10
2017-12-15 12:00:00,2.3565075e-10
2017-12-16 12:00:00,2.6425834e-10
2017-12-17 12:00:00,2.3112091e-10
2017-12-18 12:00:00,2.0211678e-10
2017-12-19 12:00:00,1.7385964e-10
2017-12-20 12:00:00,2.1001137e-10
2017-12-21 12:00:00,2.5997776e-10
2017-12-22 12:00:00,3.119433e-10
2017-12-23 12:00:00,3.2793315e-10
2017-12-24 12:00:00,3.0247113e-10
2017-12-25 12:00:00,2.451332e-10
2017-12-26 12:00:00,2.6814287e-10
2017-12-27 12:00:00,3.2620337e-10
2017-12-28 12:00:00,2.9855834e-10
2017-12-29 12:00:00,2.4931981e-10
2017-12-30 12:00:00,2.2445815e-10
2017-12-31 12:00:00,2.4077398e-10
2018-01-01 12:00:00,2.9453254e-10
2018-01-02 12:00:00,3.1413336e-10
2018-01-03 12:00:00,2.9079036e-10
2018-01-04 12:00:00,2.794667e-10
2018-01-05 12:00:00,2.8126662e-10
2018-01-06 12:00:00,2.1413275e-10
2018-01-07 12:00:00,1.609143e-10
2018-01-08 12:00:00,1.5786936e-10
2018-01-09 12:00:00,1.838429e-10
2018-01-10 12:00:00,2.2566017e-10
2018-01-11 12:00:00,2.3029938e-10
2018-01-12 12:00:00,2.1510009e-10
2018-01-13 12:00:00,1.923519e-10
2018-01-14 12:00:00,2.0721609e-10
2018-01-15 12:00:00,2.3598073e-10
2018-01-16 12:00:00,1.9878531e-10
2018-01-17 12:00:00,1.9323103e-10
2018-01-18 12:00:00,2.009012e-10
2018-01-19 12:00:00,1.9912956e-10
2018-01-20 12:00:00,1.8987555e-10
2018-01-21 12:00:00,2.1035432e-10
2018-01-22 12:00:00,2.5448169e-10
2018-01-23 12:00:00,2.4591648e-10
2018-01-24 12:00:00,2.2766514e-10
2018-01-25 12:00:00,2.5050192e-10
2018-01-26 12:00:00,2.634248e-10
2018-01-27 12:00:00,2.3401056e-10
2018-01-28 12:00:00,2.0893261e-10
2018-01-29 12:00:00,1.8677546e-10
2018-01-30 12:00:00,1.6768845e-10
2018-01-31 12:00:00,1.6664188e-10
2018-02-01 12:00:00,1.587035e-10
2018-02-02 12:00:00,1.7050834e-10
2018-02-03 12:00:00,1.7837383e-10
2018-02-04 12:00:00,1.8761744e-10
2018-02-05 12:00:00,1.8113018e-10
2018-02-06 12:00:00,1.7828217e-10
2018-02-07 12:00:00,1.8347561e-10
2018-02-08 12:00:00,1.7411281e-10
2018-02-09 12:00:00,2.0447243e-10
2018-02-10 12:00:00,2.1050092e-10
2018-02-11 12:00:00,2.3144182e-10
2018-02-12 12:00:00,1.8801032e-10
2018-02-13 12:00:00,1.7616777e-10
2018-02-14 12:00:00,1.7576578e-10
2018-02-15 12:00:00,1.3364952e-10
2018-02-16 12:00:00,1.185229e-10
2018-02-17 12:00:00,1.6061058e-10
2018-02-18 12:00:00,1.5633789e-10
2018-02-19 12:00:00,1.5203806e-10
2018-02-20 12:00:00,1.2731842e-10
2018-02-21 12:00:00,1.2208255e-10
2018-02-22 12:00:00,8.158537e-11
2018-02-23 12:00:00,1.1859674e-10
2018-02-24 12:00:00,1.2355544e-10
2018-02-25 12:00:00,1.2683628e-10
2018-02-26 12:00:00,9.4516055e-11
2018-02-27 12:00:00,6.4829676e-11
2018-02-28 12:00:00,8.6989894e-11
2018-03-01 12:00:00,7.999297e-11
2018-03-02 12:00:00,6.284972e-11
2018-03-03 12:00:00,7.785026e-11
2018-03-04 12:00:00,1.5696035e-10
2018-03-05 12:00:00,2.304415e-10
2018-03-06 12:00:00,2.5935654e-10
2018-03-07 12:00:00,2.733684e-10
2018-03-08 12:00:00,3.513757e-10
2018-03-09 12:00:00,3.0297662e-10
2018-03-10 12:00:00,3.4546033e-10
2018-03-11 12:00:00,3.4771142e-10
2018-03-12 12:00:00,3.1892178e-10
2018-03-13 12:00:00,3.7653192e-10
2018-03-14 12:00:00,3.5599337e-10
2018-03-15 12:00:00,2.75879e-10
2018-03-16 12:00:00,2.7935135e-10
2018-03-17 12:00:00,2.6982297e-10
2018-03-18 12:00:00,2.97916e-10
2018-03-19 12:00:00,3.6422335e-10
2018-03-20 12:00:00,3.3689374e-10
2018-03-21 12:00:00,3.1274228e-10
2018-03-22 12:00:00,3.5667921e-10
2018-03-23 12:00:00,4.1160134e-10
2018-03-24 12:00:00,4.8260573e-10
2018-03-25 12:00:00,4.0131484e-10
2018-03-26 12:00:00,3.5672185e-10
2018-03-27 12:00:00,2.530731e-10
2018-03-28 12:00:00,1.9697337e-10
2018-03-29 12:00:00,1.9071633e-10
2018-03-30 12:00:00,2.350691e-10
2018-03-31 12:00:00,2.9217473e-10
2018-04-01 12:00:00,3.095054e-10
2018-04-02 12:00:00,2.448224e-10
2018-04-03 12:00:00,2.1182248e-10
2018-04-04 12:00:00,2.144373e-10
2018-04-05 12:00:00,2.970894e-10
2018-04-06 12:00:00,4.2338438e-10
2018-04-07 12:00:00,4.0607712e-10
2018-04-08 12:00:00,3.2258266e-10
2018-04-09 12:00:00,3.0925815e-10
2018-04-10 12:00:00,3.714428e-10
2018-04-11 12:00:00,3.874044e-10
2018-04-12 12:00:00,3.9389286e-10
2018-04-13 12:00:00,3.552516e-10
2018-04-14 12:00:00,2.9173422e-10
2018-04-15 12:00:00,2.7195643e-10
2018-04-16 12:00:00,2.4305855e-10
2018-04-17 12:00:00,2.3449845e-10
2018-04-18 12:00:00,2.9917716e-10
2018-04-19 12:00:00,2.8969013e-10
2018-04-20 12:00:00,2.4462615e-10
2018-04-21 12:00:00,2.1617312e-10
2018-04-22 12:00:00,2.202667e-10
2018-04-23 12:00:00,2.685756e-10
2018-04-24 12:00:00,3.006221e-10
2018-04-25 12:00:00,3.0013841e-10
2018-04-26 12:00:00,3.0952432e-10
2018-04-27 12:00:00,3.4501416e-10
2018-04-28 12:00:00,3.238234e-10
2018-04-29 12:00:00,3.2273814e-10
2018-04-30 12:00:00,2.9363761e-10
2018-05-01 12:00:00,2.598003e-10
2018-05-02 12:00:00,2.805127e-10
2018-05-03 12:00:00,2.7711453e-10
2018-05-04 12:00:00,2.3273364e-10
2018-05-05 12:00:00,1.8060259e-10
2018-05-06 12:00:00,2.1030973e-10
2018-05-07 12:00:00,2.2126717e-10
2018-05-08 12:00:00,2.3482388e-10
2018-05-09 12:00:00,2.4305244e-10
2018-05-10 12:00:00,2.3694408e-10
2018-05-11 12:00:00,2.0581528e-10
2018-05-12 12:00:00,1.9684726e-10
2018-05-13 12:00:00,1.6689022e-10
2018-05-14 12:00:00,1.6773186e-10
2018-05-15 12:00:00,2.0197378e-10
2018-05-16 12:00:00,2.1528991e-10
2018-05-17 12:00:00,2.1804063e-10
2018-05-18 12:00:00,2.1464673e-10
2018-05-19 12:00:00,1.9375224e-10
2018-05-20 12:00:00,1.8680729e-10
2018-05-21 12:00:00,1.9997931e-10
2018-05-22 12:00:00,2.0718804e-10
2018-05-23 12:00:00,2.3552837e-10
2018-05-24 12:00:00,2.544549e-10
2018-05-25 12:00:00,2.4292954e-10
2018-05-26 12:00:00,2.4389948e-10
2018-05-27 12:00:00,2.4809e-10
2018-05-28 12:00:00,2.8152816e-10
2018-05-29 12:00:00,2.9229585e-10
2018-05-30 12:00:00,2.7724747e-10
2018-05-31 12:00:00,2.64464e-10
2018-06-01 12:00:00,3.609606e-10
2018-06-02 12:00:00,5.3490895e-10
2018-06-03 12:00:00,5.199894e-10
2018-06-04 12:00:00,4.0742007e-10
2018-06-05 12:00:00,3.337294e-10
2018-06-06 12:00:00,4.052107e-10
2018-06-07 12:00:00,4.8031634e-10
2018-06-08 12:00:00,4.4085455e-10
2018-06-09 12:00:00,4.9408305e-10
2018-06-10 12:00:00,3.953692e-10
2018-06-11 12:00:00,3.331779e-10
2018-06-12 12:00:00,3.3885414e-10
2018-06-13 12:00:00,4.0186787e-10
2018-06-14 12:00:00,3.9302506e-10
2018-06-15 12:00:00,3.5341652e-10
2018-06-16 12:00:00,2.5245098e-10
2018-06-17 12:00:00,1.972865e-10
2018-06-18 12:00:00,1.862814e-10
2018-06-19 12:00:00,2.0433676e-10
2018-06-20 12:00:00,2.5977762e-10
2018-06-21 12:00:00,3.3055333e-10
2018-06-22 12:00:00,4.136178e-10
2018-06-23 12:00:00,4.4881132e-10
2018-06-24 12:00:00,3.7468517e-10
2018-06-25 12:00:00,3.2346653e-10
2018-06-26 12:00:00,5.181028e-10
2018-06-27 12:00:00,5.4102706e-10
2018-06-28 12:00:00,4.88783e-10
2018-06-29 12:00:00,4.725499e-10
2018-06-30 12:00:00,3.835784e-10
2018-07-01 12:00:00,2.3707342e-10
2018-07-02 12:00:00,2.1002172e-10
2018-07-03 12:00:00,2.689418e-10
2018-07-04 12:00:00,2.8212074e-10
2018-07-05 12:00:00,3.254321e-10
2018-07-06 12:00:00,3.0499475e-10
2018-07-07 12:00:00,2.611951e-10
2018-07-08 12:00:00,1.8922826e-10
2018-07-09 12:00:00,1.2314297e-10
2018-07-10 12:00:00,2.1068523e-10
2018-07-11 12:00:00,2.4376898e-10
2018-07-12 12:00:00,1.9240862e-10
2018-07-13 12:00:00,2.6304703e-10
2018-07-14 12:00:00,3.0748196e-10
2018-07-15 12:00:00,3.2440453e-10
2018-07-16 12:00:00,3.1884306e-10
2018-07-17 12:00:00,3.2818753e-10
2018-07-18 12:00:00,2.166155e-10
2018-07-19 12:00:00,1.3552552e-10
2018-07-20 12:00:00,1.3125472e-10
2018-07-21 12:00:00,2.2996845e-10
2018-07-22 12:00:00,3.16064e-10
2018-07-23 12:00:00,2.6995195e-10
2018-07-24 12:00:00,1.7257645e-10
2018-07-25 12:00:00,1.4665397e-10
2018-07-26 12:00:00,1.8183269e-10
2018-07-27 12:00:00,2.0667468e-10
2018-07-28 12:00:00,1.3899716e-10
2018-07-29 12:00:00,7.55332e-11
2018-07-30 12:00:00,8.1134016e-11
2018-07-31 12:00:00,2.887344e-10
2018-08-01 12:00:00,4.950948e-10
2018-08-02 12:00:00,3.3965297e-10
2018-08-03 12:00:00,2.0132222e-10
2018-08-04 12:00:00,2.6233773e-10
2018-08-05 12:00:00,3.5619843e-10
2018-08-06 12:00:00,2.9886094e-10
2018-08-07 12:00:00,3.0584907e-10
2018-08-08 12:00:00,2.601862e-10
2018-08-09 12:00:00,2.189187e-10
2018-08-10 12:00:00,2.9381023e-10
2018-08-11 12:00:00,3.4842107e-10
2018-08-12 12:00:00,2.839344e-10
2018-08-13 12:00:00,1.6054562e-10
2018-08-14 12:00:00,5.239287e-11
2018-08-15 12:00:00,7.3901545e-11
2018-08-16 12:00:00,2.1816382e-10
2018-08-17 12:00:00,3.5486328e-10
2018-08-18 12:00:00,2.9242558e-10
2018-08-19 12:00:00,2.3417127e-10
2018-08-20 12:00:00,2.3576116e-10
2018-08-21 12:00:00,2.2815104e-10
2018-08-22 12:00:00,2.2247573e-10
2018-08-23 12:00:00,2.743923e-10
2018-08-24 12:00:00,4.2042156e-10
2018-08-25 12:00:00,5.406614e-10
2018-08-26 12:00:00,5.1866395e-10
2018-08-27 12:00:00,4.1153358e-10
2018-08-28 12:00:00,3.1949626e-10
2018-08-29 12:00:00,3.347023e-10
2018-08-30 12:00:00,5.0093696e-10
2018-08-31 12:00:00,6.9355865e-10
2018-09-01 12:00:00,6.533846e-10
2018-09-02 12:00:00,5.776625e-10
2018-09-03 12:00:00,3.8848003e-10
2018-09-04 12:00:00,4.8261917e-10
2018-09-05 12:00:00,6.18126e-10
2018-09-06 12:00:00,4.959652e-10
2018-09-07 12:00:00,3.868427e-10
2018-09-08 12:00:00,5.310272e-10
2018-09-09 12:00:00,7.292357e-10
2018-09-10 12:00:00,7.1135925e-10
2018-09-11 12:00:00,4.2875817e-10
2018-09-12 12:00:00,3.1283787e-10
2018-09-13 12:00:00,1.9623679e-10
2018-09-14 12:00:00,2.0177632e-10
2018-09-15 12:00:00,4.2470297e-10
2018-09-16 12:00:00,6.8559575e-10
2018-09-17 12:00:00,6.0275107e-10
2018-09-18 12:00:00,3.4784842e-10
2018-09-19 12:00:00,2.4809366e-10
2018-09-20 12:00:00,2.2497142e-10
2018-09-21 12:00:00,4.5978615e-10
2018-09-22 12:00:00,7.2609324e-10
2018-09-23 12:00:00,5.9395305e-10
2018-09-24 12:00:00,3.6700323e-10
2018-09-25 12:00:00,2.2076757e-10
2018-09-26 12:00:00,3.3382283e-10
2018-09-27 12:00:00,5.136344e-10
2018-09-28 12:00:00,7.849083e-10
2018-09-29 12:00:00,5.698533e-10
2018-09-30 12:00:00,2.4885985e-10
2018-10-01 12:00:00,1.4561512e-10
2018-10-02 12:00:00,1.9184886e-10
2018-10-03 12:00:00,3.262319e-10
2018-10-04 12:00:00,5.039449e-10
2018-10-05 12:00:00,4.4274326e-10
2018-10-06 12:00:00,4.0291534e-10
2018-10-07 12:00:00,3.1189124e-10
2018-10-08 12:00:00,3.917114e-10
2018-10-09 12:00:00,3.6909362e-10
2018-10-10 12:00:00,2.4104474e-10
2018-10-11 12:00:00,2.3649002e-10
2018-10-12 12:00:00,2.7896785e-10
2018-10-13 12:00:00,3.6105893e-10
2018-10-14 12:00:00,3.2708547e-10
2018-10-15 12:00:00,1.6165431e-10
2018-10-16 12:00:00,1.4019559e-10
2018-10-17 12:00:00,2.9241973e-10
2018-10-18 12:00:00,3.0059327e-10
2018-10-19 12:00:00,2.5330818e-10
2018-10-20 12:00:00,2.1250304e-10
2018-10-21 12:00:00,1.819914e-10
2018-10-22 12:00:00,1.6231144e-10
2018-10-23 12:00:00,1.7752286e-10
2018-10-24 12:00:00,2.6664373e-10
2018-10-25 12:00:00,3.245411e-10
2018-10-26 12:00:00,2.938567e-10
2018-10-27 12:00:00,2.0137463e-10
2018-10-28 12:00:00,1.6761594e-10
2018-10-29 12:00:00,1.83891e-10
2018-10-30 12:00:00,2.3965918e-10
2018-10-31 12:00:00,2.3433014e-10
2018-11-01 12:00:00,1.8265428e-10
2018-11-02 12:00:00,2.4035937e-10
2018-11-03 12:00:00,2.8104527e-10
2018-11-04 12:00:00,1.7729439e-10
2018-11-05 12:00:00,1.440743e-10
2018-11-06 12:00:00,1.3455871e-10
2018-11-07 12:00:00,1.3782543e-10
2018-11-08 12:00:00,1.8350162e-10
2018-11-09 12:00:00,3.279669e-10
2018-11-10 12:00:00,3.8602943e-10
2018-11-11 12:00:00,3.0122738e-10
2018-11-12 12:00:00,2.238349e-10
2018-11-13 12:00:00,1.9931043e-10
2018-11-14 12:00:00,1.6508826e-10
2018-11-15 12:00:00,1.487519e-10
2018-11-16 12:00:00,1.2921693e-10
2018-11-17 12:00:00,1.0142799e-10
2018-11-18 12:00:00,8.599181e-11
2018-11-19 12:00:00,6.9430385e-11
2018-11-20 12:00:00,1.0395637e-10
2018-11-21 12:00:00,9.844809e-11
2018-11-22 12:00:00,8.8319935e-11
2018-11-23 12:00:00,1.9393674e-10
2018-11-24 12:00:00,2.2127876e-10
2018-11-25 12:00:00,2.4009827e-10
2018-11-26 12:00:00,2.6261351e-10
2018-11-27 12:00:00,2.7766114e-10
2018-11-28 12:00:00,2.4908434e-10
2018-11-29 12:00:00,2.7840202e-10
2018-11-30 12:00:00,3.0496114e-10
2018-12-01 12:00:00,2.756308e-10
2018-12-02 12:00:00,2.6376118e-10
2018-12-03 12:00:00,2.333545e-10
2018-12-04 12:00:00,1.9053442e-10
2018-12-05 12:00:00,1.477137e-10
2018-12-06 12:00:00,9.562524e-11
2018-12-07 12:00:00,9.4057775e-11
2018-12-08 12:00:00,1.6045472e-10
2018-12-09 12:00:00,2.1147639e-10
2018-12-10 12:00:00,2.5026148e-10
2018-12-11 12:00:00,2.5934482e-10
2018-12-12 12:00:00,2.8187172e-10
2018-12-13 12:00:00,2.5343413e-10
2018-12-14 12:00:00,2.521358e-10
2018-12-15 12:00:00,3.01441e-10
2018-12-16 12:00:00,2.0362852e-10
2018-12-17 12:00:00,1.4041793e-10
2018-12-18 12:00:00,1.2976903e-10
2018-12-19 12:00:00,1.993269e-10
2018-12-20 12:00:00,2.5253363e-10
2018-12-21 12:00:00,3.165598e-10
2018-12-22 12:00:00,3.1926847e-10
2018-12-23 12:00:00,2.7581643e-10
2018-12-24 12:00:00,1.6944751e-10
2018-12-25 12:00:00,1.874648e-10
2018-12-26 12:00:00,2.2957125e-10
2018-12-27 12:00:00,2.3934296e-10
2018-12-28 12:00:00,2.413419e-10
2018-12-29 12:00:00,2.3456076e-10
2018-12-30 12:00:00,1.8697735e-10
2018-12-31 12:00:00,1.5338732e-10
2019-01-01 12:00:00,1.793647e-10
2019-01-02 12:00:00,2.480455e-10
2019-01-03 12:00:00,2.9199831e-10
2019-01-04 12:00:00,2.4837127e-10
2019-01-05 12:00:00,2.1196976e-10
2019-01-06 12:00:00,2.0723467e-10
2019-01-07 12:00:00,1.9121525e-10
2019-01-08 12:00:00,1.9310428e-10
2019-01-09 12:00:00,1.9660953e-10
2019-01-10 12:00:00,1.9393633e-10
2019-01-11 12:00:00,1.5354164e-10
2019-01-12 12:00:00,1.075328e-10
2019-01-13 12:00:00,8.554042e-11
2019-01-14 12:00:00,1.007981e-10
2019-01-15 12:00:00,1.2632692e-10
2019-01-16 12:00:00,1.4748407e-10
2019-01-17 12:00:00,1.8184082e-10
2019-01-18 12:00:00,1.5708443e-10
2019-01-19 12:00:00,1.564111e-10
2019-01-20 12:00:00,1.5152231e-10
2019-01-21 12:00:00,1.5559617e-10
2019-01-22 12:00:00,1.2611795e-10
2019-01-23 12:00:00,1.3264688e-10
2019-01-24 12:00:00,1.2414855e-10
2019-01-25 12:00:00,1.0817558e-10
2019-01-26 12:00:00,9.962765e-11
2019-01-27 12:00:00,1.3277013e-10
2019-01-28 12:00:00,2.0394386e-10
2019-01-29 12:00:00,2.2244133e-10
2019-01-30 12:00:00,1.8011789e-10
2019-01-31 12:00:00,1.6570907e-10
2019-02-01 12:00:00,1.4885346e-10
2019-02-02 12:00:00,1.5319485e-10
2019-02-03 12:00:00,1.7127064e-10
2019-02-04 12:00:00,1.6617487e-10
2019-02-05 12:00:00,1.4008299e-10
2019-02-06 12:00:00,1.40041e-10
2019-02-07 12:00:00,1.7865168e-10
2019-02-08 12:00:00,2.0401754e-10
2019-02-09 12:00:00,2.2755671e-10
2019-02-10 12:00:00,2.2989784e-10
2019-02-11 12:00:00,2.401347e-10
2019-02-12 12:00:00,2.3775706e-10
2019-02-13 12:00:00,2.0546014e-10
2019-02-14 12:00:00,1.5858118e-10
2019-02-15 12:00:00,1.9976638e-10
2019-02-16 12:00:00,1.7888852e-10
2019-02-17 12:00:00,1.8069048e-10
2019-02-18 12:00:00,1.7218203e-10
2019-02-19 12:00:00,1.690114e-10
2019-02-20 12:00:00,1.5417959e-10
2019-02-21 12:00:00,1.12286985e-10
2019-02-22 12:00:00,1.1718332e-10
2019-02-23 12:00:00,1.9335807e-10
2019-02-24 12:00:00,2.4466243e-10
2019-02-25 12:00:00,2.6009395e-10
2019-02-26 12:00:00,2.6208105e-10
2019-02-27 12:00:00,2.8289632e-10
2019-02-28 12:00:00,2.6428967e-10
2019-03-01 12:00:00,3.815712e-10
2019-03-02 12:00:00,3.8326278e-10
2019-03-03 12:00:00,3.445832e-10
2019-03-04 12:00:00,3.3518385e-10
2019-03-05 12:00:00,3.0324732e-10
2019-03-06 12:00:00,2.51208e-10
2019-03-07 12:00:00,2.9344047e-10
2019-03-08 12:00:00,3.3063963e-10
2019-03-09 12:00:00,3.165309e-10
2019-03-10 12:00:00,3.0422734e-10
2019-03-11 12:00:00,3.8535655e-10
2019-03-12 12:00:00,5.109015e-10
2019-03-13 12:00:00,5.097482e-10
2019-03-14 12:00:00,4.7290816e-10
2019-03-15 12:00:00,4.280014e-10
2019-03-16 12:00:00,3.7658257e-10
2019-03-17 12:00:00,3.182165e-10
2019-03-18 12:00:00,3.687935e-10
2019-03-19 12:00:00,4.403366e-10
2019-03-20 12:00:00,3.146046e-10
2019-03-21 12:00:00,1.8591544e-10
2019-03-22 12:00:00,1.4297548e-10
2019-03-23 12:00:00,1.6097775e-10
2019-03-24 12:00:00,1.2498602e-10
2019-03-25 12:00:00,8.278097e-11
2019-03-26 12:00:00,1.0275753e-10
2019-03-27 12:00:00,1.1016293e-10
2019-03-28 12:00:00,9.7461206e-11
2019-03-29 12:00:00,1.2815835e-10
2019-03-30 12:00:00,1.6820911e-10
2019-03-31 12:00:00,2.0156288e-10
2019-04-01 12:00:00,1.743381e-10
2019-04-02 12:00:00,1.5429404e-10
2019-04-03 12:00:00,1.5689482e-10
2019-04-04 12:00:00,1.7283681e-10
2019-04-05 12:00:00,2.236685e-10
2019-04-06 12:00:00,2.6087468e-10
2019-04-07 12:00:00,2.5446711e-10
2019-04-08 12:00:00,2.4657196e-10
2019-04-09 12:00:00,2.6563363e-10
2019-04-10 12:00:00,2.9378797e-10
2019-04-11 12:00:00,3.051113e-10
2019-04-12 12:00:00,2.9649197e-10
2019-04-13 12:00:00,2.69694e-10
2019-04-14 12:00:00,2.160749e-10
2019-04-15 12:00:00,2.4437202e-10
2019-04-16 12:00:00,2.4261745e-10
2019-04-17 12:00:00,2.425545e-10
2019-04-18 12:00:00,2.8702205e-10
2019-04-19 12:00:00,2.7983024e-10
2019-04-20 12:00:00,2.467258e-10
2019-04-21 12:00:00,2.1734249e-10
2019-04-22 12:00:00,2.0598895e-10
2019-04-23 12:00:00,2.0593946e-10
2019-04-24 12:00:00,2.471593e-10
2019-04-25 12:00:00,2.6178756e-10
2019-04-26 12:00:00,2.7897806e-10
2019-04-27 12:00:00,3.3988282e-10
2019-04-28 12:00:00,3.566793e-10
2019-04-29 12:00:00,3.2522832e-10
2019-04-30 12:00:00,2.8644723e-10
2019-05-01 12:00:00,2.2513293e-10
2019-05-02 12:00:00,1.809166e-10
2019-05-03 12:00:00,1.3843258e-10
2019-05-04 12:00:00,1.5140193e-10
2019-05-05 12:00:00,2.0381086e-10
2019-05-06 12:00:00,2.768582e-10
2019-05-07 12:00:00,3.3329584e-10
2019-05-08 12:00:00,3.7409412e-10
2019-05-09 12:00:00,3.818431e-10
2019-05-10 12:00:00,3.810261e-10
2019-05-11 12:00:00,3.533919e-10
2019-05-12 12:00:00,2.8699967e-10
2019-05-13 12:00:00,3.1573877e-10
2019-05-14 12:00:00,3.1364908e-10
2019-05-15 12:00:00,2.5223862e-10
2019-05-16 12:00:00,1.8408872e-10
2019-05-17 12:00:00,1.6094222e-10
2019-05-18 12:00:00,1.367258e-10
2019-05-19 12:00:00,1.7287373e-10
2019-05-20 12:00:00,2.0373814e-10
2019-05-21 12:00:00,1.9333868e-10
2019-05-22 12:00:00,2.1971086e-10
2019-05-23 12:00:00,2.3490054e-10
2019-05-24 12:00:00,2.2752072e-10
2019-05-25 12:00:00,1.9393431e-10
2019-05-26 12:00:00,1.5082104e-10
2019-05-27 12:00:00,1.4071772e-10
2019-05-28 12:00:00,1.5127574e-10
2019-05-29 12:00:00,1.6149126e-10
2019-05-30 12:00:00,2.3795135e-10
2019-05-31 12:00:00,2.5770977e-10
2019-06-01 12:00:00,2.592281e-10
2019-06-02 12:00:00,2.1580938e-10
2019-06-03 12:00:00,2.1637794e-10
2019-06-04 12:00:00,3.0126038e-10
2019-06-05 12:00:00,4.5787707e-10
2019-06-06 12:00:00,4.7588117e-10
2019-06-07 12:00:00,3.1835848e-10
2019-06-08 12:00:00,2.4564187e-10
2019-06-09 12:00:00,3.7475895e-10
2019-06-10 12:00:00,5.82632e-10
2019-06-11 12:00:00,5.3962673e-10
2019-06-12 12:00:00,4.0747256e-10
2019-06-13 12:00:00,2.6006391e-10
2019-06-14 12:00:00,1.8432561e-10
2019-06-15 12:00:00,1.9963005e-10
2019-06-16 12:00:00,3.2796602e-10
2019-06-17 12:00:00,5.199504e-10
2019-06-18 12:00:00,5.3110566e-10
2019-06-19 12:00:00,4.43554e-10
2019-06-20 12:00:00,4.285931e-10
2019-06-21 12:00:00,4.0587306e-10
2019-06-22 12:00:00,3.480946e-10
2019-06-23 12:00:00,2.473142e-10
2019-06-24 12:00:00,2.1738807e-10
2019-06-25 12:00:00,2.854118e-10
2019-06-26 12:00:00,4.8519744e-10
2019-06-27 12:00:00,5.9082195e-10
2019-06-28 12:00:00,4.0812181e-10
2019-06-29 12:00:00,3.6113615e-10
2019-06-30 12:00:00,4.0968492e-10
2019-07-01 12:00:00,3.3725164e-10
2019-07-02 12:00:00,2.6215308e-10
2019-07-03 12:00:00,2.5180513e-10
2019-07-04 12:00:00,2.707138e-10
2019-07-05 12:00:00,2.3950175e-10
2019-07-06 12:00:00,2.1964701e-10
2019-07-07 12:00:00,2.0643066e-10
2019-07-08 12:00:00,1.7044591e-10
2019-07-09 12:00:00,1.5829849e-10
2019-07-10 12:00:00,1.9431447e-10
2019-07-11 12:00:00,1.8009252e-10
2019-07-12 12:00:00,1.4835418e-10
2019-07-13 12:00:00,1.5826827e-10
2019-07-14 12:00:00,2.0997178e-10
2019-07-15 12:00:00,2.489238e-10
2019-07-16 12:00:00,2.181441e-10
2019-07-17 12:00:00,1.6074801e-10
2019-07-18 12:00:00,8.4707186e-11
2019-07-19 12:00:00,1.0329874e-10
2019-07-20 12:00:00,1.9118401e-10
2019-07-21 12:00:00,1.8812944e-10
2019-07-22 12:00:00,2.130754e-10
2019-07-23 12:00:00,3.624292e-10
2019-07-24 12:00:00,3.5649084e-10
2019-07-25 12:00:00,2.1758544e-10
2019-07-26 12:00:00,2.28758e-10
2019-07-27 12:00:00,2.4986802e-10
2019-07-28 12:00:00,2.0150887e-10
2019-07-29 12:00:00,1.9639974e-10
2019-07-30 12:00:00,2.276693e-10
2019-07-31 12:00:00,2.4606264e-10
2019-08-01 12:00:00,2.5243085e-10
2019-08-02 12:00:00,2.9216962e-10
2019-08-03 12:00:00,4.1690693e-10
2019-08-04 12:00:00,5.208272e-10
2019-08-05 12:00:00,4.6571974e-10
2019-08-06 12:00:00,3.2266828e-10
2019-08-07 12:00:00,2.4312846e-10
2019-08-08 12:00:00,1.7220754e-10
2019-08-09 12:00:00,9.448035e-11
2019-08-10 12:00:00,1.3322843e-10
2019-08-11 12:00:00,4.6139195e-10
2019-08-12 12:00:00,4.8936616e-10
2019-08-13 12:00:00,2.9685512e-10
2019-08-14 12:00:00,3.413069e-10
2019-08-15 12:00:00,5.6768434e-10
2019-08-16 12:00:00,5.1796895e-10
2019-08-17 12:00:00,2.6894506e-10
2019-08-18 12:00:00,1.3799782e-10
2019-08-19 12:00:00,9.9974806e-11
2019-08-20 12:00:00,2.2099858e-10
2019-08-21 12:00:00,5.053885e-10
2019-08-22 12:00:00,4.0023404e-10
2019-08-23 12:00:00,2.4339042e-10
2019-08-24 12:00:00,1.301538e-10
2019-08-25 12:00:00,6.2909726e-11
2019-08-26 12:00:00,5.0646362e-11
2019-08-27 12:00:00,1.0688193e-10
2019-08-28 12:00:00,1.948555e-10
2019-08-29 12:00:00,2.9050615e-10
2019-08-30 12:00:00,3.0296246e-10
2019-08-31 12:00:00,3.5090775e-10
2019-09-01 12:00:00,4.1977483e-10
2019-09-02 12:00:00,4.2851475e-10
2019-09-03 12:00:00,3.598664e-10
2019-09-04 12:00:00,2.8157612e-10
2019-09-05 12:00:00,3.9446466e-10
2019-09-06 12:00:00,3.789184e-10
2019-09-07 12:00:00,3.4883355e-10
2019-09-08 12:00:00,2.896787e-10
2019-09-09 12:00:00,2.4610075e-10
2019-09-10 12:00:00,3.1082342e-10
2019-09-11 12:00:00,5.717327e-10
2019-09-12 12:00:00,7.0069867e-10
2019-09-13 12:00:00,5.5566174e-10
2019-09-14 12:00:00,4.2832105e-10
2019-09-15 12:00:00,4.5683957e-10
2019-09-16 12:00:00,4.753031e-10
2019-09-17 12:00:00,5.4143673e-10
2019-09-18 12:00:00,5.4637317e-10
2019-09-19 12:00:00,5.1236954e-10
2019-09-20 12:00:00,4.626974e-10
2019-09-21 12:00:00,4.4564372e-10
2019-09-22 12:00:00,4.723438e-10
2019-09-23 12:00:00,6.1131217e-10
2019-09-24 12:00:00,6.218016e-10
2019-09-25 12:00:00,3.8657977e-10
2019-09-26 12:00:00,2.1862472e-10
2019-09-27 12:00:00,2.5702174e-10
2019-09-28 12:00:00,3.5121264e-10
2019-09-29 12:00:00,3.8292097e-10
2019-09-30 12:00:00,2.5745184e-10
2019-10-01 12:00:00,2.0419402e-10
2019-10-02 12:00:00,3.7068298e-10
2019-10-03 12:00:00,5.0413823e-10
2019-10-04 12:00:00,4.3086731e-10
2019-10-05 12:00:00,4.6917564e-10
2019-10-06 12:00:00,3.156198e-10
2019-10-07 12:00:00,2.7545238e-10
2019-10-08 12:00:00,2.4125005e-10
2019-10-09 12:00:00,3.5241315e-10
2019-10-10 12:00:00,4.3546536e-10
2019-10-11 12:00:00,4.1339598e-10
2019-10-12 12:00:00,3.8464668e-10
2019-10-13 12:00:00,4.3923237e-10
2019-10-14 12:00:00,5.382317e-10
2019-10-15 12:00:00,5.1628557e-10
2019-10-16 12:00:00,3.7026995e-10
2019-10-17 12:00:00,3.1428782e-10
2019-10-18 12:00:00,5.387357e-10
2019-10-19 12:00:00,6.0383265e-10
2019-10-20 12:00:00,4.5034543e-10
2019-10-21 12:00:00,3.3116662e-10
2019-10-22 12:00:00,3.103078e-10
2019-10-23 12:00:00,2.5333716e-10
2019-10-24 12:00:00,2.3667482e-10
2019-10-25 12:00:00,2.341885e-10
2019-10-26 12:00:00,2.0726884e-10
2019-10-27 12:00:00,3.119375e-10
2019-10-28 12:00:00,6.040421e-10
2019-10-29 12:00:00,6.1460803e-10
2019-10-30 12:00:00,6.519416e-10
2019-10-31 12:00:00,6.5509953e-10
2019-11-01 12:00:00,4.9205623e-10
2019-11-02 12:00:00,4.0151638e-10
2019-11-03 12:00:00,4.0622086e-10
2019-11-04 12:00:00,3.661046e-10
2019-11-05 12:00:00,4.677932e-10
2019-11-06 12:00:00,3.0800318e-10
2019-11-07 12:00:00,2.0593546e-10
2019-11-08 12:00:00,1.7162181e-10
2019-11-09 12:00:00,2.0179554e-10
2019-11-10 12:00:00,3.0068892e-10
2019-11-11 12:00:00,3.0454744e-10
2019-11-12 12:00:00,3.2312278e-10
2019-11-13 12:00:00,2.0059536e-10
2019-11-14 12:00:00,1.5679356e-10
2019-11-15 12:00:00,1.6425802e-10
2019-11-16 12:00:00,1.9369548e-10
2019-11-17 12:00:00,2.3226068e-10
2019-11-18 12:00:00,2.8284824e-10
2019-11-19 12:00:00,2.6923688e-10
2019-11-20 12:00:00,2.7592345e-10
2019-11-21 12:00:00,2.1701647e-10
2019-11-22 12:00:00,1.7736378e-10
2019-11-23 12:00:00,1.9389665e-10
2019-11-24 12:00:00,2.2587476e-10
2019-11-25 12:00:00,2.2294583e-10
2019-11-26 12:00:00,2.2217059e-10
2019-11-27 12:00:00,1.7186826e-10
2019-11-28 12:00:00,1.3144408e-10
2019-11-29 12:00:00,1.3359824e-10
2019-11-30 12:00:00,1.636432e-10
2019-12-01 12:00:00,1.4735688e-10
2019-12-02 12:00:00,1.4197585e-10
2019-12-03 12:00:00,1.8811222e-10
2019-12-04 12:00:00,1.824131e-10
2019-12-05 12:00:00,1.5677594e-10
2019-12-06 12:00:00,1.559304e-10
2019-12-07 12:00:00,1.7786285e-10
2019-12-08 12:00:00,2.0163173e-10
2019-12-09 12:00:00,2.3961821e-10
2019-12-10 12:00:00,2.7655409e-10
2019-12-11 12:00:00,3.3002023e-10
2019-12-12 12:00:00,3.1752417e-10
2019-12-13 12:00:00,3.0438913e-10
2019-12-14 12:00:00,2.676603e-10
2019-12-15 12:00:00,1.8852896e-10
2019-12-16 12:00:00,1.6664935e-10
2019-12-17 12:00:00,2.0462612e-10
2019-12-18 12:00:00,2.1074614e-10
2019-12-19 12:00:00,2.135944e-10
2019-12-20 12:00:00,2.247475e-10
2019-12-21 12:00:00,2.5337493e-10
2019-12-22 12:00:00,2.5646116e-10
2019-12-23 12:00:00,2.439426e-10
2019-12-24 12:00:00,1.8085547e-10
2019-12-25 12:00:00,1.937305e-10
2019-12-26 12:00:00,2.5093505e-10
2019-12-27 12:00:00,1.9048751e-10
2019-12-28 12:00:00,1.227561e-10
2019-12-29 12:00:00,1.5019404e-10
2019-12-30 12:00:00,3.582319e-10
2019-12-31 12:00:00,3.7440773e-10
