datetime,Dry mixing ratio of species O3 (mol mol-1 dry),Dry mixing ratio of species NO (mol mol-1 dry),Dry mixing ratio of species NO2 (mol mol-1 dry),OH concentration immediately after chemistry (molec cm-3),HO2 concentration immediately after chemistry (mol mol-1),Photolysis rate for O3 -> O1D (s-1),Photolysis rate for species NO2 (s-1)
2018-01-01 00:30:00,3.3258207e-08,1.3088138e-13,7.439696e-11,5781.0513,1.7905351e-13,0.06971419,0.0
2018-01-01 01:30:00,3.316052e-08,1.3144595e-13,7.647016e-11,5753.347,1.7821741e-13,0.06971419,0.0
2018-01-01 02:30:00,3.3058782e-08,1.3205043e-13,7.838419e-11,5704.6943,1.770919e-13,0.06971419,0.0
2018-01-01 03:30:00,3.2957878e-08,1.3095749e-13,8.001803e-11,5672.2036,1.7659211e-13,0.06971419,0.0
2018-01-01 04:30:00,3.2862495e-08,1.2953898e-13,8.1139984e-11,5670.4946,1.7697662e-13,0.06971419,0.0
2018-01-01 05:30:00,3.2768583e-08,1.2790076e-13,8.1606555e-11,5653.5977,1.7677424e-13,0.06971419,0.0
2018-01-01 06:30:00,3.2663362e-08,1.275416e-13,8.204699e-11,5639.03,1.7641768e-13,0.06971419,0.0
2018-01-01 07:30:00,3.2545866e-08,1.3091968e-13,8.229375e-11,5624.341,1.7594399e-13,0.06971419,0.0
2018-01-01 08:30:00,3.2398145e-08,2.331077e-12,6.928982e-11,63287.312,6.9949054e-13,0.069714315,0.00050964655
2018-01-01 09:30:00,3.2239857e-08,1.1734056e-11,6.028014e-11,592095.94,3.197131e-12,0.06971603,0.0033029018
2018-01-01 10:30:00,3.2108026e-08,1.7253289e-11,5.4168642e-11,1673090.1,6.836706e-12,0.06972234,0.005809395
2018-01-01 11:30:00,3.2003854e-08,1.8493916e-11,4.9849725e-11,2851293.0,1.0138698e-11,0.06973495,0.007165062
2018-01-01 12:30:00,3.1915935e-08,1.8960276e-11,4.7980703e-11,3798282.2,1.2498961e-11,0.06975305,0.007937209
2018-01-01 13:30:00,3.1888906e-08,1.9284345e-11,4.7615217e-11,4270040.0,1.3648651e-11,0.06977371,0.008248196
2018-01-01 14:30:00,3.1911576e-08,1.9521152e-11,4.8678776e-11,4116154.2,1.3419574e-11,0.06979302,0.008073908
2018-01-01 15:30:00,3.1979226e-08,1.966068e-11,5.130387e-11,3371796.5,1.1793064e-11,0.069807604,0.007428578
2018-01-01 16:30:00,3.2090977e-08,1.9437016e-11,5.6318467e-11,2239998.8,8.889543e-12,0.06981589,0.0062881312
2018-01-01 17:30:00,3.221653e-08,1.6576853e-11,6.5770764e-11,998162.6,5.004204e-12,0.06981878,0.0042133285
2018-01-01 18:30:00,3.2330366e-08,6.3176187e-12,8.1663606e-11,152376.98,1.3905927e-12,0.06981915,0.0011701027
2018-01-01 19:30:00,3.237289e-08,3.4684728e-13,9.1431154e-11,6384.635,1.8812371e-13,0.06981915,2.2986637e-06
2018-01-01 20:30:00,3.2317573e-08,1.658047e-13,1.0176126e-10,7739.931,2.3876132e-13,0.06981915,0.0
2018-01-01 21:30:00,3.223093e-08,1.415287e-13,1.0953021e-10,8063.4663,2.5193633e-13,0.06981915,0.0
2018-01-01 22:30:00,3.2129545e-08,1.3809559e-13,1.1401976e-10,7994.8706,2.520892e-13,0.06981915,0.0
2018-01-01 23:30:00,3.2015603e-08,1.3720741e-13,1.16394804e-10,7805.336,2.4796002e-13,0.06981915,0.0
2018-01-02 00:30:00,3.188483e-08,1.3648585e-13,1.1795354e-10,7638.5757,2.43296e-13,0.06981915,0.0
2018-01-02 01:30:00,3.1752148e-08,1.36381e-13,1.1920552e-10,7456.123,2.3882364e-13,0.06981915,0.0
2018-01-02 02:30:00,3.1632037e-08,1.3537743e-13,1.1970944e-10,7288.289,2.3458622e-13,0.06981915,0.0
2018-01-02 03:30:00,3.1533197e-08,1.3428471e-13,1.1851152e-10,7108.8076,2.294753e-13,0.06981915,0.0
2018-01-02 04:30:00,3.1460633e-08,1.3276464e-13,1.156196e-10,6893.9316,2.2233009e-13,0.06981915,0.0
2018-01-02 05:30:00,3.139807e-08,1.3098864e-13,1.1187398e-10,6652.7646,2.1400624e-13,0.06981915,0.0
2018-01-02 06:30:00,3.1323793e-08,1.3197787e-13,1.0867961e-10,6435.753,2.0604143e-13,0.06981915,0.0
2018-01-02 07:30:00,3.1226982e-08,1.3211829e-13,1.06241994e-10,6249.66,1.9964676e-13,0.06981915,0.0
2018-01-02 08:30:00,3.1122788e-08,3.5855687e-12,1.0539138e-10,48520.727,6.273511e-13,0.06981928,0.0004816572
2018-01-02 09:30:00,3.1041395e-08,1.8225987e-11,9.1610663e-11,547982.6,3.0116601e-12,0.06982091,0.0030356476
2018-01-02 10:30:00,3.1033657e-08,2.5341569e-11,7.704929e-11,1728737.6,6.8558184e-12,0.06982698,0.0054967226
2018-01-02 11:30:00,3.107573e-08,2.4912293e-11,6.5838175e-11,2964684.2,1.0327046e-11,0.06983919,0.006850093
2018-01-02 12:30:00,3.111645e-08,2.3580565e-11,5.906484e-11,3904753.8,1.2737778e-11,0.06985671,0.007616186
2018-01-02 13:30:00,3.1201207e-08,2.2558594e-11,5.5531437e-11,4325539.5,1.383958e-11,0.069876686,0.007925706
2018-01-02 14:30:00,3.131467e-08,2.1749616e-11,5.445843e-11,4108577.0,1.35191285e-11,0.069895305,0.007747794
2018-01-02 15:30:00,3.1459745e-08,2.1099797e-11,5.571843e-11,3303052.5,1.1775782e-11,0.06990927,0.0070949853
2018-01-02 16:30:00,3.162917e-08,2.0183574e-11,5.973435e-11,2128734.8,8.754397e-12,0.069917105,0.0059422003
2018-01-02 17:30:00,3.1783e-08,1.6449272e-11,6.870583e-11,898772.44,4.811502e-12,0.06991978,0.003854483
2018-01-02 18:30:00,3.1894174e-08,5.8523585e-12,8.393889e-11,128574.69,1.2805083e-12,0.06992012,0.0010176331
2018-01-02 19:30:00,3.193161e-08,3.2113754e-13,9.073453e-11,5915.2246,1.7667234e-13,0.06992012,2.2018532e-06
2018-01-02 20:30:00,3.187539e-08,1.5844222e-13,9.831509e-11,7272.6836,2.2680151e-13,0.06992012,0.0
2018-01-02 21:30:00,3.1794904e-08,1.3770975e-13,1.0375365e-10,7580.6714,2.388589e-13,0.06992012,0.0
2018-01-02 22:30:00,3.1702868e-08,1.3378435e-13,1.0659816e-10,7518.888,2.3856186e-13,0.06992012,0.0
2018-01-02 23:30:00,3.160428e-08,1.3219231e-13,1.07764166e-10,7348.9077,2.3433864e-13,0.06992012,0.0
2018-01-03 00:30:00,3.1511625e-08,1.3101099e-13,1.07640154e-10,7163.9883,2.2919055e-13,0.06992012,0.0
2018-01-03 01:30:00,3.1426207e-08,1.3030518e-13,1.0669018e-10,6954.572,2.2276941e-13,0.06992012,0.0
2018-01-03 02:30:00,3.1341784e-08,1.2982741e-13,1.0539202e-10,6742.833,2.1589425e-13,0.06992012,0.0
2018-01-03 03:30:00,3.1255897e-08,1.294003e-13,1.03999746e-10,6551.2285,2.0951891e-13,0.06992012,0.0
2018-01-03 04:30:00,3.116438e-08,1.290825e-13,1.0260018e-10,6385.2485,2.0398392e-13,0.06992012,0.0
2018-01-03 05:30:00,3.1063305e-08,1.2889753e-13,1.01356e-10,6244.6997,1.994147e-13,0.06992012,0.0
2018-01-03 06:30:00,3.0947433e-08,1.2901506e-13,1.005781e-10,6140.435,1.9595088e-13,0.06992012,0.0
2018-01-03 07:30:00,3.0813002e-08,1.2986738e-13,1.0016123e-10,6067.673,1.9374435e-13,0.06992012,0.0
2018-01-03 08:30:00,3.0671664e-08,3.4009288e-12,1.02189424e-10,45084.63,6.1537873e-13,0.069920234,0.0004640886
2018-01-03 09:30:00,3.054761e-08,1.7798636e-11,9.2361646e-11,495635.28,2.8640241e-12,0.069921724,0.002875299
2018-01-03 10:30:00,3.0504683e-08,2.6462681e-11,8.083832e-11,1609962.6,6.553306e-12,0.06992733,0.005340687
2018-01-03 11:30:00,3.053163e-08,2.7391393e-11,7.149667e-11,2807800.8,9.967751e-12,0.069938764,0.0067391624
2018-01-03 12:30:00,3.0596496e-08,2.6463469e-11,6.522714e-11,3719705.2,1.2406388e-11,0.069955364,0.00753352
2018-01-03 13:30:00,3.0720482e-08,2.5656964e-11,6.2132695e-11,4148950.0,1.3592425e-11,0.06997444,0.0078618135
2018-01-03 14:30:00,3.0885253e-08,2.5044602e-11,6.167682e-11,3979412.2,1.3384194e-11,0.069992326,0.0077018416
2018-01-03 15:30:00,3.1066865e-08,2.4459452e-11,6.379627e-11,3251959.0,1.1775315e-11,0.07000581,0.0070643025
2018-01-03 16:30:00,3.1244458e-08,2.3489684e-11,6.928162e-11,2150891.0,8.890462e-12,0.070013404,0.0059104827
2018-01-03 17:30:00,3.1393974e-08,1.9107991e-11,8.0557616e-11,941277.1,5.0494418e-12,0.07001601,0.003823011
2018-01-03 18:30:00,3.1500164e-08,7.031413e-12,9.8675644e-11,144380.52,1.4967848e-12,0.070016354,0.0010478311
2018-01-03 19:30:00,3.1540036e-08,3.428101e-13,1.0657306e-10,7452.722,2.290965e-13,0.070016354,2.3093774e-06
2018-01-03 20:30:00,3.1496914e-08,1.6281433e-13,1.1425428e-10,9307.916,2.9581792e-13,0.070016354,0.0
2018-01-03 21:30:00,3.1428478e-08,1.4251165e-13,1.2002183e-10,9668.942,3.0944163e-13,0.070016354,0.0
2018-01-03 22:30:00,3.1358965e-08,1.3782915e-13,1.2267476e-10,9561.818,3.070354e-13,0.070016354,0.0
2018-01-03 23:30:00,3.1293354e-08,1.3468291e-13,1.2260792e-10,9321.93,2.9954156e-13,0.070016354,0.0
2018-01-04 00:30:00,3.122706e-08,1.3399736e-13,1.2109456e-10,9036.083,2.8999928e-13,0.070016354,0.0
2018-01-04 01:30:00,3.1162568e-08,1.3210434e-13,1.1873101e-10,8754.591,2.804711e-13,0.070016354,0.0
2018-01-04 02:30:00,3.1122482e-08,1.2995578e-13,1.151906e-10,8465.543,2.7029838e-13,0.070016354,0.0
2018-01-04 03:30:00,3.1121218e-08,1.280094e-13,1.1055207e-10,8155.963,2.5879038e-13,0.070016354,0.0
2018-01-04 04:30:00,3.1152496e-08,1.2458482e-13,1.0537276e-10,7873.36,2.479298e-13,0.070016354,0.0
2018-01-04 05:30:00,3.1180363e-08,1.2304514e-13,1.0075438e-10,7608.726,2.3799409e-13,0.070016354,0.0
2018-01-04 06:30:00,3.1181184e-08,1.2289835e-13,9.730165e-11,7422.798,2.3120904e-13,0.070016354,0.0
2018-01-04 07:30:00,3.1163328e-08,1.2275082e-13,9.4398454e-11,7312.7783,2.2724464e-13,0.070016354,0.0
2018-01-04 08:30:00,3.1139805e-08,3.0893907e-12,9.46759e-11,49588.863,7.3988363e-13,0.07001647,0.00046124315
2018-01-04 09:30:00,3.1131567e-08,1.583273e-11,8.443316e-11,513436.34,3.2627017e-12,0.070018,0.002891907
2018-01-04 10:30:00,3.1193768e-08,2.3519261e-11,7.333645e-11,1592816.9,7.0630485e-12,0.07002373,0.0054160035
2018-01-04 11:30:00,3.131107e-08,2.4393597e-11,6.4485056e-11,2752621.5,1.0522263e-11,0.07003541,0.006891161
2018-01-04 12:30:00,3.1417336e-08,2.3577014e-11,5.8739826e-11,3652383.2,1.298464e-11,0.07005237,0.0077374903
2018-01-04 13:30:00,3.152184e-08,2.279881e-11,5.5765427e-11,4068781.0,1.41405975e-11,0.07007175,0.008076599
2018-01-04 14:30:00,3.16522e-08,2.2242642e-11,5.5295893e-11,3911159.0,1.39168555e-11,0.07008985,0.007922587
2018-01-04 15:30:00,3.1809993e-08,2.162402e-11,5.7078876e-11,3185852.8,1.22383735e-11,0.07010334,0.00722732
2018-01-04 16:30:00,3.1984687e-08,2.0504536e-11,6.1550896e-11,2112080.5,9.3010885e-12,0.07011091,0.006013444
2018-01-04 17:30:00,3.2143124e-08,1.637427e-11,7.09509e-11,941532.8,5.396367e-12,0.07011351,0.003853857
2018-01-04 18:30:00,3.2251958e-08,5.7592585e-12,8.594368e-11,148816.47,1.6427956e-12,0.07011384,0.0010083982
2018-01-04 19:30:00,3.2293602e-08,3.2362427e-13,9.2746914e-11,8147.6396,2.4821266e-13,0.07011384,2.3068712e-06
2018-01-04 20:30:00,3.2256505e-08,1.6274632e-13,1.0025028e-10,9854.963,3.1007242e-13,0.07011384,0.0
2018-01-04 21:30:00,3.219934e-08,1.4179746e-13,1.05627056e-10,10160.694,3.2172653e-13,0.07011384,0.0
2018-01-04 22:30:00,3.2135503e-08,1.3740264e-13,1.0808657e-10,10080.978,3.2028717e-13,0.07011384,0.0
2018-01-04 23:30:00,3.207275e-08,1.3525768e-13,1.0831639e-10,9865.782,3.138776e-13,0.07011384,0.0
2018-01-05 00:30:00,3.2016754e-08,1.3398833e-13,1.0706798e-10,9618.722,3.0615777e-13,0.07011384,0.0
2018-01-05 01:30:00,3.1965723e-08,1.3348312e-13,1.0550568e-10,9361.84,2.9806864e-13,0.07011384,0.0
2018-01-05 02:30:00,3.1921676e-08,1.3251143e-13,1.0365726e-10,9111.565,2.900691e-13,0.07011384,0.0
2018-01-05 03:30:00,3.1886177e-08,1.3102338e-13,1.0126114e-10,8876.018,2.824205e-13,0.07011384,0.0
2018-01-05 04:30:00,3.1854754e-08,1.3090645e-13,9.867474e-11,8654.731,2.7524356e-13,0.07011384,0.0
2018-01-05 05:30:00,3.1831327e-08,1.2977285e-13,9.555515e-11,8436.699,2.6838034e-13,0.07011384,0.0
2018-01-05 06:30:00,3.182389e-08,1.2884951e-13,9.197987e-11,8226.428,2.613895e-13,0.07011384,0.0
2018-01-05 07:30:00,3.18431e-08,1.2665024e-13,8.73678e-11,8010.9883,2.5360787e-13,0.07011384,0.0
2018-01-05 08:30:00,3.1866605e-08,2.1255e-12,8.293176e-11,48192.29,7.666204e-13,0.07011394,0.00037648494
2018-01-05 09:30:00,3.1869835e-08,9.856428e-12,7.552817e-11,405249.03,3.023016e-12,0.07011526,0.0020819497
2018-01-05 10:30:00,3.188352e-08,1.6301235e-11,6.5774775e-11,1268554.5,6.4510988e-12,0.070120156,0.0042827907
2018-01-05 11:30:00,3.1921303e-08,1.8529638e-11,5.671075e-11,2309716.0,9.731742e-12,0.07013047,0.0060564023
2018-01-05 12:30:00,3.194539e-08,1.8631579e-11,5.157723e-11,3103711.2,1.1994177e-11,0.070145555,0.007057098
2018-01-05 13:30:00,3.1946374e-08,1.8390156e-11,4.886696e-11,3489201.0,1.3081406e-11,0.07016298,0.007500632
2018-01-05 14:30:00,3.197157e-08,1.7886472e-11,4.8358068e-11,3319174.0,1.2782935e-11,0.070179224,0.0073025883
2018-01-05 15:30:00,3.2020306e-08,1.6993181e-11,4.9819406e-11,2651500.0,1.1126539e-11,0.0701913,0.006477888
2018-01-05 16:30:00,3.2069156e-08,1.4968029e-11,5.4052065e-11,1657990.4,8.212035e-12,0.07019789,0.00494327
2018-01-05 17:30:00,3.2117264e-08,1.0528772e-11,6.131904e-11,686464.6,4.609039e-12,0.07020013,0.0028211235
2018-01-05 18:30:00,3.214166e-08,3.667561e-12,6.9971584e-11,115476.42,1.4029124e-12,0.07020042,0.00076927914
2018-01-05 19:30:00,3.211488e-08,2.845371e-13,7.2727865e-11,7823.629,2.3973244e-13,0.07020042,1.9926226e-06
2018-01-05 20:30:00,3.2004717e-08,1.671714e-13,7.8266046e-11,9014.953,2.8541354e-13,0.07020042,0.0
2018-01-05 21:30:00,3.186431e-08,1.4584357e-13,8.2394806e-11,9166.011,2.929574e-13,0.07020042,0.0
2018-01-05 22:30:00,3.172716e-08,1.3913283e-13,8.398747e-11,8977.466,2.8886515e-13,0.07020042,0.0
2018-01-05 23:30:00,3.162251e-08,1.3332904e-13,8.275665e-11,8674.051,2.8006961e-13,0.07020042,0.0
2018-01-06 00:30:00,3.1559086e-08,1.280279e-13,7.919621e-11,8273.047,2.6700316e-13,0.07020042,0.0
2018-01-06 01:30:00,3.1506584e-08,1.2603135e-13,7.547267e-11,7836.3384,2.524235e-13,0.07020042,0.0
2018-01-06 02:30:00,3.1436464e-08,1.2453919e-13,7.246652e-11,7470.027,2.404385e-13,0.07020042,0.0
2018-01-06 03:30:00,3.1349895e-08,1.2312005e-13,6.98274e-11,7129.0557,2.295073e-13,0.07020042,0.0
2018-01-06 04:30:00,3.1278237e-08,1.2197964e-13,6.734542e-11,6838.221,2.2006903e-13,0.07020042,0.0
2018-01-06 05:30:00,3.122302e-08,1.2134967e-13,6.505308e-11,6566.413,2.1108629e-13,0.07020042,0.0
2018-01-06 06:30:00,3.118536e-08,1.2058681e-13,6.289194e-11,6328.2637,2.0316581e-13,0.07020042,0.0
2018-01-06 07:30:00,3.1161434e-08,1.2432335e-13,6.094551e-11,6147.9614,1.9678855e-13,0.07020042,0.0
2018-01-06 08:30:00,3.114735e-08,1.487344e-12,5.5049323e-11,49260.23,7.279085e-13,0.07020053,0.0003860559
2018-01-06 09:30:00,3.1133055e-08,6.37931e-12,4.784611e-11,417543.4,3.0459843e-12,0.07020196,0.0021159928
2018-01-06 10:30:00,3.1109085e-08,9.9114415e-12,3.9163714e-11,1257363.8,6.4490184e-12,0.07020727,0.0043840073
2018-01-06 11:30:00,3.1071963e-08,1.0738922e-11,3.1785144e-11,2270202.5,9.650589e-12,0.07021846,0.0062863813
2018-01-06 12:30:00,3.100926e-08,1.0356787e-11,2.6344062e-11,3176276.5,1.2112841e-11,0.07023567,0.0077193496
2018-01-06 13:30:00,3.0955306e-08,9.449413e-12,2.3125711e-11,3521294.0,1.3050872e-11,0.07025549,0.008160276
2018-01-06 14:30:00,3.0937162e-08,8.571536e-12,2.1341708e-11,3316624.2,1.26672995e-11,0.07027398,0.007959634
2018-01-06 15:30:00,3.0973695e-08,7.935471e-12,2.0290955e-11,2767138.8,1.13665e-11,0.070288576,0.007534343
2018-01-06 16:30:00,3.1081118e-08,6.8718794e-12,2.0433403e-11,1756850.2,8.498788e-12,0.070296675,0.006050821
2018-01-06 17:30:00,3.124441e-08,4.856609e-12,2.1728798e-11,762440.44,4.8213994e-12,0.070299454,0.0036444492
2018-01-06 18:30:00,3.1448817e-08,1.816161e-12,2.3391712e-11,150088.52,1.5080257e-12,0.070299834,0.0010769663
2018-01-06 19:30:00,3.1677715e-08,2.76749e-13,2.5260958e-11,7329.935,2.2165063e-13,0.070299834,2.6569176e-06
2018-01-06 20:30:00,3.1918383e-08,1.8029404e-13,2.993446e-11,6728.678,2.0936357e-13,0.070299834,0.0
2018-01-06 21:30:00,3.2182477e-08,1.3463063e-13,3.3003402e-11,6671.6504,2.0673026e-13,0.070299834,0.0
2018-01-06 22:30:00,3.2449684e-08,1.1819822e-13,3.4798813e-11,6787.4663,2.0902499e-13,0.070299834,0.0
2018-01-06 23:30:00,3.2715707e-08,1.1206104e-13,3.583113e-11,6937.771,2.1226765e-13,0.070299834,0.0
2018-01-07 00:30:00,3.298901e-08,1.08856764e-13,3.6449815e-11,7075.988,2.1514508e-13,0.070299834,0.0
2018-01-07 01:30:00,3.3304055e-08,1.06945255e-13,3.6757708e-11,7206.695,2.1752004e-13,0.070299834,0.0
2018-01-07 02:30:00,3.3734104e-08,1.0448154e-13,3.662272e-11,7369.891,2.2000762e-13,0.070299834,0.0
2018-01-07 03:30:00,3.426521e-08,1.02608955e-13,3.6130727e-11,7563.923,2.2232249e-13,0.070299834,0.0
2018-01-07 04:30:00,3.4844955e-08,9.133848e-14,3.5531827e-11,7803.858,2.2537857e-13,0.070299834,0.0
2018-01-07 05:30:00,3.541383e-08,8.970211e-14,3.5018297e-11,8065.899,2.2882412e-13,0.070299834,0.0
2018-01-07 06:30:00,3.5914702e-08,8.9169855e-14,3.4576758e-11,8338.937,2.327048e-13,0.070299834,0.0
2018-01-07 07:30:00,3.6364618e-08,8.88942e-14,3.409979e-11,8644.675,2.3777483e-13,0.070299834,0.0
2018-01-07 08:30:00,3.676442e-08,7.165459e-13,2.9982808e-11,57784.56,7.7336233e-13,0.07029995,0.00038176042
2018-01-07 09:30:00,3.707533e-08,3.3065497e-12,2.8448214e-11,466528.66,3.51634e-12,0.07030144,0.0021584963
2018-01-07 10:30:00,3.7281985e-08,5.597776e-12,2.5359792e-11,1385912.1,7.308194e-12,0.07030698,0.0044794353
2018-01-07 11:30:00,3.7363392e-08,6.577593e-12,2.225199e-11,2584973.0,1.0906779e-11,0.07031878,0.0064469804
2018-01-07 12:30:00,3.7317957e-08,6.9458736e-12,1.9764265e-11,3802225.8,1.3915901e-11,0.07033755,0.008109358
2018-01-07 13:30:00,3.7216093e-08,6.7659415e-12,1.8560641e-11,4261971.5,1.5023986e-11,0.07035908,0.00851268
2018-01-07 14:30:00,3.7113974e-08,6.5840835e-12,1.8272129e-11,4039741.5,1.4684828e-11,0.07037912,0.008312721
2018-01-07 15:30:00,3.7053383e-08,6.4720993e-12,1.8765049e-11,3269852.2,1.306396e-11,0.070394345,0.0076605617
2018-01-07 16:30:00,3.7073022e-08,6.0507684e-12,2.031193e-11,2069441.6,9.9440725e-12,0.070402734,0.0061714416
2018-01-07 17:30:00,3.7157083e-08,4.509975e-12,2.3193687e-11,887149.75,5.784801e-12,0.07040556,0.0036491593
2018-01-07 18:30:00,3.726823e-08,1.8099949e-12,2.6707867e-11,186192.8,1.9615533e-12,0.07040595,0.0011085692
2018-01-07 19:30:00,3.7363968e-08,2.029288e-13,2.9149735e-11,13357.887,3.4903645e-13,0.07040595,2.8151312e-06
2018-01-07 20:30:00,3.7415784e-08,1.2627937e-13,3.3721838e-11,13128.85,3.5041875e-13,0.07040595,0.0
2018-01-07 21:30:00,3.7459316e-08,1.03182985e-13,3.627548e-11,13226.332,3.5401762e-13,0.07040595,0.0
2018-01-07 22:30:00,3.7498292e-08,9.6064466e-14,3.776417e-11,13211.553,3.5435682e-13,0.07040595,0.0
2018-01-07 23:30:00,3.7540527e-08,9.230667e-14,3.8664134e-11,13181.515,3.5399388e-13,0.07040595,0.0
2018-01-08 00:30:00,3.7586688e-08,8.990358e-14,3.931723e-11,13101.891,3.5210943e-13,0.07040595,0.0
2018-01-08 01:30:00,3.7632987e-08,8.8323615e-14,3.9829678e-11,12945.755,3.4793414e-13,0.07040595,0.0
2018-01-08 02:30:00,3.7677374e-08,8.694778e-14,4.0151528e-11,12791.895,3.4364257e-13,0.07040595,0.0
2018-01-08 03:30:00,3.7716944e-08,8.589549e-14,4.0357176e-11,12659.941,3.3982878e-13,0.07040595,0.0
2018-01-08 04:30:00,3.7748165e-08,8.531495e-14,4.049136e-11,12621.537,3.3840387e-13,0.07040595,0.0
2018-01-08 05:30:00,3.7768153e-08,8.5128824e-14,4.0565478e-11,12564.811,3.3655693e-13,0.07040595,0.0
2018-01-08 06:30:00,3.777456e-08,8.523234e-14,4.070885e-11,12516.429,3.3484803e-13,0.07040595,0.0
2018-01-08 07:30:00,3.7768277e-08,8.5356486e-14,4.0873888e-11,12524.99,3.3475054e-13,0.07040595,0.0
2018-01-08 08:30:00,3.774467e-08,1.0137917e-12,3.90593e-11,67479.64,9.667509e-13,0.07040608,0.0004152872
2018-01-08 09:30:00,3.769221e-08,5.776218e-12,3.6047866e-11,608338.1,4.394464e-12,0.0704078,0.0029815044
2018-01-08 10:30:00,3.7603304e-08,8.745931e-12,3.1142117e-11,1704226.5,8.619365e-12,0.07041412,0.0057274387
2018-01-08 11:30:00,3.746184e-08,9.0297145e-12,2.6729674e-11,2912040.8,1.21350265e-11,0.070426926,0.007369841
2018-01-08 12:30:00,3.724688e-08,8.614997e-12,2.3500597e-11,3877786.2,1.4497955e-11,0.0704456,0.008361651
2018-01-08 13:30:00,3.697804e-08,8.152426e-12,2.1631195e-11,4242713.5,1.5347924e-11,0.0704667,0.008702977
2018-01-08 14:30:00,3.6736665e-08,7.798521e-12,2.0813833e-11,3979669.5,1.4833655e-11,0.07048628,0.008526613
2018-01-08 15:30:00,3.6573354e-08,7.510497e-12,2.0899447e-11,3185559.0,1.3020794e-11,0.070501,0.007850436
2018-01-08 16:30:00,3.6503007e-08,7.091108e-12,2.192433e-11,2065721.2,9.965617e-12,0.07050928,0.006590836
2018-01-08 17:30:00,3.650895e-08,5.533881e-12,2.4389586e-11,926640.8,5.873832e-12,0.07051213,0.0041829185
2018-01-08 18:30:00,3.6555704e-08,1.9744963e-12,2.8042025e-11,179138.86,1.8855184e-12,0.0705125,0.0011257123
2018-01-08 19:30:00,3.6579976e-08,2.0176817e-13,3.0550954e-11,12223.714,3.2886682e-13,0.0705125,3.004468e-06
2018-01-08 20:30:00,3.6560902e-08,1.2029424e-13,3.532485e-11,11823.744,3.2525623e-13,0.0705125,0.0
2018-01-08 21:30:00,3.6536395e-08,9.737311e-14,3.86046e-11,11622.513,3.203874e-13,0.0705125,0.0
2018-01-08 22:30:00,3.6506655e-08,9.118292e-14,4.058733e-11,11465.491,3.1644755e-13,0.0705125,0.0
2018-01-08 23:30:00,3.6477022e-08,8.824405e-14,4.169489e-11,11344.395,3.1324344e-13,0.0705125,0.0
2018-01-09 00:30:00,3.645202e-08,8.6675106e-14,4.2391948e-11,11230.169,3.1008602e-13,0.0705125,0.0
2018-01-09 01:30:00,3.6423845e-08,8.5994065e-14,4.291828e-11,11097.814,3.063661e-13,0.0705125,0.0
2018-01-09 02:30:00,3.63777e-08,8.5501816e-14,4.3230957e-11,10963.166,3.026771e-13,0.0705125,0.0
2018-01-09 03:30:00,3.630937e-08,8.554406e-14,4.3448658e-11,10829.818,2.991119e-13,0.0705125,0.0
2018-01-09 04:30:00,3.621243e-08,8.5717186e-14,4.3566213e-11,10707.233,2.961809e-13,0.0705125,0.0
2018-01-09 05:30:00,3.6084437e-08,8.6222384e-14,4.366801e-11,10553.93,2.9279492e-13,0.0705125,0.0
2018-01-09 06:30:00,3.5927606e-08,8.655728e-14,4.399822e-11,10382.608,2.8909294e-13,0.0705125,0.0
2018-01-09 07:30:00,3.5749483e-08,8.7281677e-14,4.4602606e-11,10252.453,2.864638e-13,0.0705125,0.0
2018-01-09 08:30:00,3.5546368e-08,1.5538628e-12,4.352263e-11,74016.17,1.0232387e-12,0.07051264,0.0005560442
2018-01-09 09:30:00,3.5327872e-08,8.528755e-12,3.9537398e-11,660820.75,4.4124253e-12,0.070514396,0.003841442
2018-01-09 10:30:00,3.510206e-08,1.1699614e-11,3.4989817e-11,1688488.6,8.388991e-12,0.070520654,0.0064289607
2018-01-09 11:30:00,3.4851826e-08,1.1832977e-11,3.0987244e-11,2724616.0,1.1557895e-11,0.070532896,0.007780172
2018-01-09 12:30:00,3.4557697e-08,1.1305836e-11,2.7846538e-11,3518275.0,1.3647131e-11,0.07055034,0.008592753
2018-01-09 13:30:00,3.4278745e-08,1.0733955e-11,2.5921121e-11,3845675.0,1.4485799e-11,0.070570126,0.00887839
2018-01-09 14:30:00,3.4057123e-08,1.0333932e-11,2.5083657e-11,3644086.0,1.4079752e-11,0.07058863,0.008727617
2018-01-09 15:30:00,3.386572e-08,1.0043823e-11,2.5183685e-11,2964480.0,1.244145e-11,0.0706027,0.008130279
2018-01-09 16:30:00,3.3736153e-08,9.62715e-12,2.6326498e-11,1981014.2,9.643235e-12,0.07061081,0.006989519
2018-01-09 17:30:00,3.366755e-08,8.175477e-12,2.904263e-11,957118.4,5.8916517e-12,0.07061374,0.0049184645
2018-01-09 18:30:00,3.3634752e-08,3.3699326e-12,3.3745957e-11,196421.28,1.9280463e-12,0.07061413,0.0015443004
2018-01-09 19:30:00,3.3576498e-08,2.8315552e-13,3.7184138e-11,9565.687,2.779339e-13,0.07061413,3.5512967e-06
2018-01-09 20:30:00,3.3481165e-08,1.4615636e-13,4.2595986e-11,9642.432,2.8977626e-13,0.07061413,0.0
2018-01-09 21:30:00,3.3392773e-08,1.1235353e-13,4.6616138e-11,9629.564,2.9168307e-13,0.07061413,0.0
2018-01-09 22:30:00,3.3312286e-08,1.0443711e-13,4.9339637e-11,9499.847,2.8946208e-13,0.07061413,0.0
2018-01-09 23:30:00,3.3230283e-08,1.0190111e-13,5.1226978e-11,9326.795,2.8556037e-13,0.07061413,0.0
2018-01-10 00:30:00,3.315446e-08,1.00981086e-13,5.28466e-11,9131.24,2.8084254e-13,0.07061413,0.0
2018-01-10 01:30:00,3.3076095e-08,1.00900686e-13,5.4282037e-11,8943.769,2.761607e-13,0.07061413,0.0
2018-01-10 02:30:00,3.2992954e-08,1.00921604e-13,5.543786e-11,8765.56,2.716221e-13,0.07061413,0.0
2018-01-10 03:30:00,3.2912137e-08,1.0127247e-13,5.6394146e-11,8618.515,2.6785792e-13,0.07061413,0.0
2018-01-10 04:30:00,3.2831874e-08,1.01330355e-13,5.7168752e-11,8510.041,2.6515067e-13,0.07061413,0.0
2018-01-10 05:30:00,3.2756002e-08,1.0201196e-13,5.7707988e-11,8430.445,2.6321312e-13,0.07061413,0.0
2018-01-10 06:30:00,3.2688924e-08,1.0244683e-13,5.7998745e-11,8376.481,2.6174112e-13,0.07061413,0.0
2018-01-10 07:30:00,3.2629934e-08,1.0300178e-13,5.8108254e-11,8359.357,2.611914e-13,0.07061413,0.0
2018-01-10 08:30:00,3.2578544e-08,2.1995092e-12,5.5396725e-11,67397.21,9.769476e-13,0.07061426,0.0005790205
2018-01-10 09:30:00,3.254936e-08,1.0604469e-11,4.825048e-11,602527.7,4.0755515e-12,0.07061593,0.0036034146
2018-01-10 10:30:00,3.2560283e-08,1.4595948e-11,4.1370758e-11,1607443.4,7.972113e-12,0.070622,0.0063138083
2018-01-10 11:30:00,3.258544e-08,1.4491755e-11,3.614505e-11,2603589.2,1.113887e-11,0.070633985,0.007675289
2018-01-10 12:30:00,3.258505e-08,1.3631923e-11,3.2206238e-11,3374518.0,1.3293468e-11,0.07065124,0.008497813
2018-01-10 13:30:00,3.2569535e-08,1.2897285e-11,2.9969124e-11,3704784.2,1.4212713e-11,0.07067095,0.008814176
2018-01-10 14:30:00,3.2564085e-08,1.2418971e-11,2.9176304e-11,3523843.0,1.3884921e-11,0.07068947,0.008659751
2018-01-10 15:30:00,3.2583305e-08,1.2168637e-11,2.953059e-11,2902206.2,1.2368756e-11,0.07070368,0.008117853
2018-01-10 16:30:00,3.26458e-08,1.17435905e-11,3.125573e-11,1968107.6,9.661613e-12,0.07071192,0.0069905687
2018-01-10 17:30:00,3.2749885e-08,1.0107755e-11,3.5006303e-11,960545.2,5.9536816e-12,0.07071492,0.0049352306
2018-01-10 18:30:00,3.288932e-08,4.22898e-12,4.154116e-11,194737.14,1.9765526e-12,0.070715316,0.0015686348
2018-01-10 19:30:00,3.2978104e-08,3.0868906e-13,4.657216e-11,9168.679,2.7326278e-13,0.070715316,3.7583254e-06
2018-01-10 20:30:00,3.300633e-08,1.4897838e-13,5.315369e-11,9719.064,2.994859e-13,0.070715316,0.0
2018-01-10 21:30:00,3.3039996e-08,1.1614245e-13,5.7884406e-11,9859.924,3.054991e-13,0.070715316,0.0
2018-01-10 22:30:00,3.307447e-08,1.08784055e-13,6.098729e-11,9698.064,3.0135543e-13,0.070715316,0.0
2018-01-10 23:30:00,3.3100722e-08,1.0600902e-13,6.299276e-11,9429.856,2.9321914e-13,0.070715316,0.0
2018-01-11 00:30:00,3.3121225e-08,1.05177836e-13,6.4343184e-11,9107.971,2.830012e-13,0.070715316,0.0
2018-01-11 01:30:00,3.3138498e-08,1.0511685e-13,6.522027e-11,8758.052,2.7154326e-13,0.070715316,0.0
2018-01-11 02:30:00,3.3145938e-08,1.0525359e-13,6.5622355e-11,8389.562,2.5914245e-13,0.070715316,0.0
2018-01-11 03:30:00,3.3142552e-08,1.05656674e-13,6.55604e-11,8020.8193,2.467838e-13,0.070715316,0.0
2018-01-11 04:30:00,3.3129556e-08,1.06283085e-13,6.527862e-11,7685.5225,2.354058e-13,0.070715316,0.0
2018-01-11 05:30:00,3.3106694e-08,1.07277577e-13,6.483599e-11,7355.3594,2.2451127e-13,0.070715316,0.0
2018-01-11 06:30:00,3.307826e-08,1.0951965e-13,6.432712e-11,7049.9634,2.1451244e-13,0.070715316,0.0
2018-01-11 07:30:00,3.3047773e-08,1.09208324e-13,6.373158e-11,6791.744,2.0607421e-13,0.070715316,0.0
2018-01-11 08:30:00,3.2996617e-08,2.0596287e-12,5.0935277e-11,72415.125,8.1273015e-13,0.07071546,0.00062132836
2018-01-11 09:30:00,3.2935166e-08,8.794211e-12,4.0733878e-11,607572.3,3.562665e-12,0.07071725,0.0038486705
2018-01-11 10:30:00,3.287897e-08,1.1386514e-11,3.433547e-11,1541145.0,6.955532e-12,0.07072365,0.006359982
2018-01-11 11:30:00,3.281352e-08,1.1288394e-11,2.9803493e-11,2538280.8,9.7892215e-12,0.07073622,0.0077071674
2018-01-11 12:30:00,3.272632e-08,1.0568523e-11,2.6551959e-11,3341856.2,1.1672412e-11,0.07075419,0.00848173
2018-01-11 13:30:00,3.262741e-08,9.824449e-12,2.437999e-11,3715776.0,1.23919226e-11,0.07077475,0.008796256
2018-01-11 14:30:00,3.253306e-08,9.102279e-12,2.2987268e-11,3547654.0,1.18848195e-11,0.07079408,0.008641533
2018-01-11 15:30:00,3.2469348e-08,8.285962e-12,2.203857e-11,2875968.2,1.0178662e-11,0.070808835,0.00801935
2018-01-11 16:30:00,3.24485e-08,7.105604e-12,2.1123492e-11,1899417.8,7.4351775e-12,0.07081738,0.0068996907
2018-01-11 17:30:00,3.246476e-08,4.8550886e-12,1.9393267e-11,886166.8,4.0113394e-12,0.07082048,0.0048483997
2018-01-11 18:30:00,3.251639e-08,1.2794405e-12,1.4239434e-11,195495.67,1.1019642e-12,0.07082089,0.0014795067
2018-01-11 19:30:00,3.2631533e-08,3.4760777e-13,1.951886e-11,8353.986,2.441146e-13,0.07082089,3.7656926e-06
2018-01-11 20:30:00,3.270161e-08,2.5771762e-13,3.037316e-11,5975.5825,1.8308059e-13,0.07082089,0.0
2018-01-11 21:30:00,3.276552e-08,1.7254079e-13,3.8860925e-11,5278.5884,1.6263095e-13,0.07082089,0.0
2018-01-11 22:30:00,3.28255e-08,1.393477e-13,4.511869e-11,5118.6304,1.5814291e-13,0.07082089,0.0
2018-01-11 23:30:00,3.287817e-08,1.2765171e-13,4.9873695e-11,5122.025,1.5838543e-13,0.07082089,0.0
2018-01-12 00:30:00,3.2926778e-08,1.2254947e-13,5.363423e-11,5172.304,1.5984382e-13,0.07082089,0.0
2018-01-12 01:30:00,3.2970522e-08,1.1997829e-13,5.6167716e-11,5221.851,1.6109523e-13,0.07082089,0.0
2018-01-12 02:30:00,3.300597e-08,1.1903686e-13,5.791904e-11,5250.512,1.6152975e-13,0.07082089,0.0
2018-01-12 03:30:00,3.3033505e-08,1.1821062e-13,5.916084e-11,5263.903,1.6138517e-13,0.07082089,0.0
2018-01-12 04:30:00,3.3053656e-08,1.1724508e-13,5.998187e-11,5268.732,1.6092156e-13,0.07082089,0.0
2018-01-12 05:30:00,3.3067938e-08,1.1740375e-13,6.051776e-11,5261.3037,1.6000027e-13,0.07082089,0.0
2018-01-12 06:30:00,3.307477e-08,1.2002125e-13,6.0823215e-11,5241.932,1.5869565e-13,0.07082089,0.0
2018-01-12 07:30:00,3.3084476e-08,1.1787583e-13,6.080802e-11,5228.533,1.5752361e-13,0.07082089,0.0
2018-01-12 08:30:00,3.305291e-08,1.3287357e-12,3.7368632e-11,75264.3,6.7622963e-13,0.07082103,0.00057283725
2018-01-12 09:30:00,3.297114e-08,5.2805954e-12,2.8713025e-11,594053.6,2.9662737e-12,0.070822835,0.0035753455
2018-01-12 10:30:00,3.288652e-08,7.730966e-12,2.541625e-11,1489827.0,6.0717837e-12,0.07082931,0.006170249
2018-01-12 11:30:00,3.2811528e-08,8.441357e-12,2.3356563e-11,2510740.0,8.971024e-12,0.07084217,0.0075848675
2018-01-12 12:30:00,3.273412e-08,8.436285e-12,2.1825515e-11,3342685.0,1.1013405e-11,0.07086057,0.008368939
2018-01-12 13:30:00,3.2653706e-08,8.257218e-12,2.083151e-11,3751783.8,1.1976392e-11,0.07088167,0.008699376
2018-01-12 14:30:00,3.260169e-08,7.992275e-12,2.033964e-11,3600646.5,1.1727537e-11,0.070901535,0.008538899
2018-01-12 15:30:00,3.260256e-08,7.589154e-12,2.0311778e-11,2900789.5,1.0196979e-11,0.0709165,0.007831533
2018-01-12 16:30:00,3.26681e-08,6.9222557e-12,2.0696297e-11,1902208.4,7.617153e-12,0.070925064,0.0066216197
2018-01-12 17:30:00,3.2788833e-08,5.1587645e-12,2.1257971e-11,870484.1,4.2438284e-12,0.07092812,0.004421279
2018-01-12 18:30:00,3.2954688e-08,1.6429727e-12,2.0466675e-11,164653.3,1.1942478e-12,0.070928514,0.0012325315
2018-01-12 19:30:00,3.3099813e-08,3.0533624e-13,2.5856036e-11,7635.302,2.1711478e-13,0.070928514,3.5941075e-06
2018-01-12 20:30:00,3.317164e-08,2.02799e-13,3.529314e-11,6341.355,1.8887798e-13,0.070928514,0.0
2018-01-12 21:30:00,3.322787e-08,1.4698273e-13,4.2563782e-11,6097.0796,1.824608e-13,0.070928514,0.0
2018-01-12 22:30:00,3.3268165e-08,1.2914173e-13,4.7508504e-11,6136.9,1.8401798e-13,0.070928514,0.0
2018-01-12 23:30:00,3.3297127e-08,1.2269847e-13,5.0840252e-11,6231.701,1.8691959e-13,0.070928514,0.0
2018-01-13 00:30:00,3.3320497e-08,1.1953448e-13,5.3103574e-11,6308.3516,1.8908012e-13,0.070928514,0.0
2018-01-13 01:30:00,3.334287e-08,1.1773629e-13,5.4736694e-11,6349.7666,1.9002192e-13,0.070928514,0.0
2018-01-13 02:30:00,3.3369208e-08,1.1683055e-13,5.5802613e-11,6378.283,1.9037847e-13,0.070928514,0.0
2018-01-13 03:30:00,3.3397026e-08,1.1568964e-13,5.6502348e-11,6402.173,1.9035992e-13,0.070928514,0.0
2018-01-13 04:30:00,3.342182e-08,1.147481e-13,5.689436e-11,6417.1567,1.901647e-13,0.070928514,0.0
2018-01-13 05:30:00,3.3442635e-08,1.1423496e-13,5.706784e-11,6420.8604,1.8951723e-13,0.070928514,0.0
2018-01-13 06:30:00,3.3463788e-08,1.138438e-13,5.7183334e-11,6426.061,1.8888581e-13,0.070928514,0.0
2018-01-13 07:30:00,3.3481236e-08,1.1355725e-13,5.7159236e-11,6447.937,1.8874445e-13,0.070928514,0.0
2018-01-13 08:30:00,3.347482e-08,1.698838e-12,4.653249e-11,70833.914,7.939716e-13,0.070928656,0.0005616722
2018-01-13 09:30:00,3.345633e-08,6.4439266e-12,4.0756017e-11,549087.3,3.3192032e-12,0.07093031,0.0027645475
2018-01-13 10:30:00,3.343539e-08,9.955082e-12,3.532978e-11,1542222.2,6.9271485e-12,0.070936345,0.005351556
2018-01-13 11:30:00,3.3420793e-08,1.08677095e-11,3.0907877e-11,2672593.2,1.024036e-11,0.07094871,0.007073866
2018-01-13 12:30:00,3.3406824e-08,1.0320515e-11,2.8101367e-11,3364048.0,1.20730795e-11,0.07096558,0.0076253354
2018-01-13 13:30:00,3.337615e-08,9.953035e-12,2.6152228e-11,3775544.2,1.3103687e-11,0.07098503,0.0080600735
2018-01-13 14:30:00,3.3359576e-08,9.447842e-12,2.526766e-11,3586042.2,1.27750276e-11,0.071003206,0.007841759
2018-01-13 15:30:00,3.3364536e-08,9.103891e-12,2.4946942e-11,3036381.8,1.1542011e-11,0.07101769,0.007447344
2018-01-13 16:30:00,3.341411e-08,8.104916e-12,2.591924e-11,1939100.8,8.609264e-12,0.07102575,0.005975317
2018-01-13 17:30:00,3.350437e-08,5.8623115e-12,2.820542e-11,845175.44,4.8506342e-12,0.07102854,0.0036233587
2018-01-13 18:30:00,3.359984e-08,2.2860006e-12,3.0853386e-11,168340.52,1.5165059e-12,0.071028925,0.0011250038
2018-01-13 19:30:00,3.3661156e-08,2.7452463e-13,3.4643132e-11,7714.9194,2.1245721e-13,0.071028925,3.6045303e-06
2018-01-13 20:30:00,3.3659486e-08,1.6566765e-13,4.1385038e-11,7156.1772,2.0638673e-13,0.071028925,0.0
2018-01-13 21:30:00,3.3631693e-08,1.3062784e-13,4.6077843e-11,7031.4897,2.0366616e-13,0.071028925,0.0
2018-01-13 22:30:00,3.3590844e-08,1.2060089e-13,4.894279e-11,6915.6733,2.0095453e-13,0.071028925,0.0
2018-01-13 23:30:00,3.3538978e-08,1.1674704e-13,5.0740457e-11,6751.49,1.9674152e-13,0.071028925,0.0
2018-01-14 00:30:00,3.3484056e-08,1.1456499e-13,5.2126584e-11,6559.812,1.9164307e-13,0.071028925,0.0
2018-01-14 01:30:00,3.3430837e-08,1.1393242e-13,5.305318e-11,6320.4126,1.8499377e-13,0.071028925,0.0
2018-01-14 02:30:00,3.336764e-08,1.1402996e-13,5.3650924e-11,6095.9287,1.7871467e-13,0.071028925,0.0
2018-01-14 03:30:00,3.3308527e-08,1.1386566e-13,5.410887e-11,5873.3843,1.7243599e-13,0.071028925,0.0
2018-01-14 04:30:00,3.3260232e-08,1.13597784e-13,5.4307045e-11,5641.8154,1.6574487e-13,0.071028925,0.0
2018-01-14 05:30:00,3.3218374e-08,1.1360958e-13,5.432084e-11,5405.1772,1.5884426e-13,0.071028925,0.0
2018-01-14 06:30:00,3.3181667e-08,1.1381246e-13,5.4359857e-11,5172.2456,1.5193352e-13,0.071028925,0.0
2018-01-14 07:30:00,3.314799e-08,1.1395714e-13,5.4375157e-11,4956.391,1.4549486e-13,0.071028925,0.0
2018-01-14 08:30:00,3.310912e-08,1.2151567e-12,4.986693e-11,42660.734,5.108642e-13,0.07102903,0.00036103508
2018-01-14 09:30:00,3.306177e-08,5.3554223e-12,4.5519928e-11,376559.47,2.3841103e-12,0.07103033,0.0019281962
2018-01-14 10:30:00,3.3003385e-08,8.8068355e-12,3.9714e-11,1162966.6,5.3153345e-12,0.07103506,0.0039313766
2018-01-14 11:30:00,3.2934008e-08,1.0287561e-11,3.4281702e-11,2166201.0,8.179982e-12,0.07104492,0.0056909365
2018-01-14 12:30:00,3.284272e-08,1.1059091e-11,2.9582142e-11,3296182.0,1.088703e-11,0.071061105,0.007518944
2018-01-14 13:30:00,3.2768305e-08,1.07226806e-11,2.7588576e-11,3661211.0,1.1726221e-11,0.07107962,0.007897129
2018-01-14 14:30:00,3.2724216e-08,1.0340468e-11,2.7063116e-11,3429530.0,1.1262391e-11,0.07109678,0.0076581487
2018-01-14 15:30:00,3.2719726e-08,1.0135957e-11,2.7554216e-11,2798315.5,9.833649e-12,0.07111008,0.007128763
2018-01-14 16:30:00,3.2774025e-08,9.366725e-12,2.9740797e-11,1719766.4,7.004689e-12,0.07111739,0.005675566
2018-01-14 17:30:00,3.287642e-08,7.0245784e-12,3.381223e-11,696505.9,3.6182908e-12,0.071119905,0.0034100318
2018-01-14 18:30:00,3.300217e-08,2.8694289e-12,3.922983e-11,122718.24,9.863166e-13,0.07112026,0.0010778463
2018-01-14 19:30:00,3.3092338e-08,2.8324923e-13,4.446657e-11,4474.9805,1.2162523e-13,0.07112026,3.594882e-06
2018-01-14 20:30:00,3.311048e-08,1.5898619e-13,5.217861e-11,4488.204,1.3095413e-13,0.07112026,0.0
2018-01-14 21:30:00,3.3109497e-08,1.2959427e-13,5.7953194e-11,4639.087,1.3651698e-13,0.07112026,0.0
2018-01-14 22:30:00,3.309476e-08,1.2274158e-13,6.185879e-11,4697.137,1.3910769e-13,0.07112026,0.0
2018-01-14 23:30:00,3.30696e-08,1.2057152e-13,6.43915e-11,4688.245,1.3955373e-13,0.07112026,0.0
2018-01-15 00:30:00,3.304189e-08,1.1892397e-13,6.6106565e-11,4645.643,1.3885323e-13,0.07112026,0.0
2018-01-15 01:30:00,3.3008202e-08,1.1868117e-13,6.7230665e-11,4590.509,1.3769933e-13,0.07112026,0.0
2018-01-15 02:30:00,3.2968423e-08,1.19472e-13,6.7966875e-11,4520.4033,1.3597321e-13,0.07112026,0.0
2018-01-15 03:30:00,3.2925552e-08,1.2004787e-13,6.8309906e-11,4448.1875,1.3407236e-13,0.07112026,0.0
2018-01-15 04:30:00,3.2880465e-08,1.2077438e-13,6.841708e-11,4372.3022,1.3200686e-13,0.07112026,0.0
2018-01-15 05:30:00,3.2836475e-08,1.2105211e-13,6.828806e-11,4303.696,1.3012131e-13,0.07112026,0.0
2018-01-15 06:30:00,3.2832105e-08,1.2038662e-13,6.7611236e-11,4257.6704,1.2873756e-13,0.07112026,0.0
2018-01-15 07:30:00,3.2923484e-08,1.1934899e-13,6.621625e-11,4256.6865,1.2795965e-13,0.07112026,0.0
2018-01-15 08:30:00,3.3005772e-08,2.2700774e-12,6.0257806e-11,48699.55,5.1080017e-13,0.071120396,0.00055524945
2018-01-15 09:30:00,3.3082934e-08,1.0550648e-11,5.1673513e-11,489446.94,2.6396335e-12,0.07112205,0.003307035
2018-01-15 10:30:00,3.3168853e-08,1.4356299e-11,4.3684455e-11,1470488.9,6.0536e-12,0.071128055,0.0057963454
2018-01-15 11:30:00,3.3258583e-08,1.4094907e-11,3.7185775e-11,2542185.2,9.143224e-12,0.071140006,0.007168778
2018-01-15 12:30:00,3.332536e-08,1.2936218e-11,3.238833e-11,3362055.2,1.1267392e-11,0.07115708,0.007946931
2018-01-15 13:30:00,3.335582e-08,1.199335e-11,2.9386223e-11,3754850.0,1.2293267e-11,0.07117672,0.008311887
2018-01-15 14:30:00,3.3392343e-08,1.1281975e-11,2.792822e-11,3575020.2,1.2054577e-11,0.07119523,0.008173902
2018-01-15 15:30:00,3.346346e-08,1.0319869e-11,2.852619e-11,2623186.0,9.951745e-12,0.07120803,0.0069461884
2018-01-15 16:30:00,3.3573958e-08,9.3528735e-12,3.0418272e-11,1625599.5,7.278459e-12,0.07121517,0.0055276556
2018-01-15 17:30:00,3.3722056e-08,6.9682433e-12,3.4204382e-11,670121.75,3.939903e-12,0.071217656,0.003329536
2018-01-15 18:30:00,3.3876837e-08,2.5413755e-12,3.939764e-11,113209.75,1.0802111e-12,0.07121799,0.0009405525
2018-01-15 19:30:00,3.3990563e-08,2.5683316e-13,4.2681667e-11,6010.8853,1.6394695e-13,0.07121799,3.5003648e-06
2018-01-15 20:30:00,3.402926e-08,1.4855345e-13,4.8908225e-11,6384.262,1.829926e-13,0.07121799,0.0
2018-01-15 21:30:00,3.4045353e-08,1.2048751e-13,5.3060688e-11,6719.7446,1.938699e-13,0.07121799,0.0
2018-01-15 22:30:00,3.4061127e-08,1.1237684e-13,5.533802e-11,6890.2754,1.9950724e-13,0.07121799,0.0
2018-01-15 23:30:00,3.4084717e-08,1.0818536e-13,5.6295805e-11,6981.0347,2.0235209e-13,0.07121799,0.0
2018-01-16 00:30:00,3.41105e-08,1.0561514e-13,5.6539634e-11,7037.5176,2.0387529e-13,0.07121799,0.0
2018-01-16 01:30:00,3.413322e-08,1.0363329e-13,5.6355705e-11,7058.289,2.0414711e-13,0.07121799,0.0
2018-01-16 02:30:00,3.4145682e-08,1.0235778e-13,5.5968515e-11,7099.8564,2.0486398e-13,0.07121799,0.0
2018-01-16 03:30:00,3.4142296e-08,1.0176728e-13,5.5574927e-11,7175.5654,2.0653287e-13,0.07121799,0.0
2018-01-16 04:30:00,3.4124493e-08,1.0091741e-13,5.5151994e-11,7248.464,2.0824145e-13,0.07121799,0.0
2018-01-16 05:30:00,3.410245e-08,1.00051145e-13,5.4710042e-11,7389.759,2.120342e-13,0.07121799,0.0
2018-01-16 06:30:00,3.4085723e-08,9.90437e-14,5.4241108e-11,7583.0215,2.1719231e-13,0.07121799,0.0
2018-01-16 07:30:00,3.4071615e-08,9.861316e-14,5.381245e-11,7875.0737,2.2496913e-13,0.07121799,0.0
2018-01-16 08:30:00,3.4041754e-08,1.555927e-12,4.967575e-11,57703.91,7.8113357e-13,0.07121812,0.00046320353
2018-01-16 09:30:00,3.3999775e-08,8.87529e-12,4.3377135e-11,599353.8,3.9229986e-12,0.07121997,0.0034455305
2018-01-16 10:30:00,3.395942e-08,1.2524274e-11,3.7272532e-11,1680357.2,7.982202e-12,0.071226716,0.0061789323
2018-01-16 11:30:00,3.3894e-08,1.26990285e-11,3.2609165e-11,2842021.2,1.1444693e-11,0.07124024,0.0076540452
2018-01-16 12:30:00,3.3800966e-08,1.2064004e-11,2.9163123e-11,3761084.2,1.3847037e-11,0.07125987,0.008504165
2018-01-16 13:30:00,3.371156e-08,1.1488204e-11,2.725877e-11,4181875.8,1.4955558e-11,0.07128243,0.008842198
2018-01-16 14:30:00,3.3652306e-08,1.1103325e-11,2.6617578e-11,4002797.2,1.473896e-11,0.07130378,0.008690801
2018-01-16 15:30:00,3.365469e-08,1.0773937e-11,2.7371756e-11,3179957.5,1.2961556e-11,0.071319655,0.007876707
2018-01-16 16:30:00,3.371748e-08,1.0336283e-11,2.9414412e-11,2080240.5,1.004601e-11,0.07132872,0.006583352
2018-01-16 17:30:00,3.3831565e-08,8.3058655e-12,3.3552754e-11,934628.25,6.044168e-12,0.07133192,0.0042228387
2018-01-16 18:30:00,3.3969673e-08,3.037757e-12,3.9499244e-11,175150.6,1.9864902e-12,0.07133234,0.0011683307
2018-01-16 19:30:00,3.4076354e-08,2.1667669e-13,4.2948794e-11,12654.722,3.5037248e-13,0.07133234,4.5203237e-06
2018-01-16 20:30:00,3.4140655e-08,1.0960989e-13,4.8231866e-11,13370.543,3.8016224e-13,0.07133234,0.0
2018-01-16 21:30:00,3.419807e-08,9.016741e-14,5.179941e-11,13768.942,3.9235068e-13,0.07133234,0.0
2018-01-16 22:30:00,3.4236194e-08,8.5961925e-14,5.4062102e-11,13862.274,3.9547144e-13,0.07133234,0.0
2018-01-16 23:30:00,3.4268606e-08,8.383661e-14,5.5436353e-11,13904.752,3.9683556e-13,0.07133234,0.0
2018-01-17 00:30:00,3.4295454e-08,8.244195e-14,5.6253436e-11,13926.762,3.9749207e-13,0.07133234,0.0
2018-01-17 01:30:00,3.431551e-08,8.168178e-14,5.6746306e-11,13893.539,3.9663346e-13,0.07133234,0.0
2018-01-17 02:30:00,3.4329574e-08,8.145393e-14,5.7032882e-11,13826.219,3.9470423e-13,0.07133234,0.0
2018-01-17 03:30:00,3.433715e-08,8.1044776e-14,5.7211253e-11,13758.028,3.9259373e-13,0.07133234,0.0
2018-01-17 04:30:00,3.433648e-08,8.073451e-14,5.74479e-11,13756.023,3.9204954e-13,0.07133234,0.0
2018-01-17 05:30:00,3.4325556e-08,8.06694e-14,5.7480635e-11,13716.019,3.9057158e-13,0.07133234,0.0
2018-01-17 06:30:00,3.4299877e-08,8.0378446e-14,5.7413567e-11,13648.829,3.881585e-13,0.07133234,0.0
2018-01-17 07:30:00,3.4263227e-08,8.032327e-14,5.72051e-11,13595.8545,3.8631286e-13,0.07133234,0.0
2018-01-17 08:30:00,3.421678e-08,1.597161e-12,5.495338e-11,61710.734,9.65087e-13,0.07133248,0.00042065996
2018-01-17 09:30:00,3.4169453e-08,7.736895e-12,5.1676236e-11,477935.06,3.810179e-12,0.07133416,0.0024290916
2018-01-17 10:30:00,3.41404e-08,1.2671147e-11,4.602721e-11,1405341.9,7.579628e-12,0.07134032,0.00489479
2018-01-17 11:30:00,3.412546e-08,1.4218127e-11,3.9962873e-11,2532309.8,1.1065247e-11,0.0713532,0.0068112127
2018-01-17 12:30:00,3.4088174e-08,1.39650635e-11,3.509222e-11,3449358.0,1.3523038e-11,0.071372345,0.008018583
2018-01-17 13:30:00,3.4011258e-08,1.3184271e-11,3.213051e-11,3816541.5,1.44846175e-11,0.071394324,0.008432666
2018-01-17 14:30:00,3.3916272e-08,1.2476461e-11,3.0914136e-11,3593785.8,1.4019718e-11,0.07141483,0.00821536
2018-01-17 15:30:00,3.3872382e-08,1.1581524e-11,3.15787e-11,2761217.8,1.1949782e-11,0.07142968,0.0071415897
2018-01-17 16:30:00,3.387469e-08,1.0288745e-11,3.3980874e-11,1696787.6,8.800971e-12,0.071437806,0.005497574
2018-01-17 17:30:00,3.3901724e-08,7.363187e-12,3.8249626e-11,702623.4,4.939899e-12,0.071440585,0.0031758884
2018-01-17 18:30:00,3.3927456e-08,2.812197e-12,4.3073232e-11,136726.55,1.5840626e-12,0.07144098,0.0009726434
2018-01-17 19:30:00,3.392385e-08,2.0678622e-13,4.6101973e-11,10611.931,2.9523893e-13,0.07144098,4.220294e-06
2018-01-17 20:30:00,3.3872297e-08,1.2148968e-13,5.16988e-11,10958.58,3.1441226e-13,0.07144098,0.0
2018-01-17 21:30:00,3.3808114e-08,1.0478718e-13,5.571954e-11,10878.307,3.1385793e-13,0.07144098,0.0
2018-01-17 22:30:00,3.3731794e-08,1.0088487e-13,5.839122e-11,10523.87,3.0493595e-13,0.07144098,0.0
2018-01-17 23:30:00,3.3649926e-08,9.880934e-14,6.001665e-11,10098.321,2.93571e-13,0.07144098,0.0
2018-01-18 00:30:00,3.3566096e-08,9.7691325e-14,6.091029e-11,9664.419,2.816788e-13,0.07144098,0.0
2018-01-18 01:30:00,3.348113e-08,9.6759636e-14,6.139957e-11,9214.881,2.6916037e-13,0.07144098,0.0
2018-01-18 02:30:00,3.3394986e-08,9.834121e-14,6.154724e-11,8783.9795,2.570458e-13,0.07144098,0.0
2018-01-18 03:30:00,3.330778e-08,9.72903e-14,6.12837e-11,8384.993,2.4580042e-13,0.07144098,0.0
2018-01-18 04:30:00,3.321768e-08,9.766835e-14,6.0783184e-11,8000.4136,2.3493731e-13,0.07144098,0.0
2018-01-18 05:30:00,3.312333e-08,9.845752e-14,6.018235e-11,7650.4243,2.2513993e-13,0.07144098,0.0
2018-01-18 06:30:00,3.3024907e-08,9.953356e-14,5.954591e-11,7345.8496,2.1671105e-13,0.07144098,0.0
2018-01-18 07:30:00,3.292154e-08,1.0055153e-13,5.8929396e-11,7112.1533,2.1037879e-13,0.07144098,0.0
2018-01-18 08:30:00,3.2808078e-08,1.6345267e-12,5.2741804e-11,51457.92,6.6200485e-13,0.071441114,0.00045444322
2018-01-18 09:30:00,3.2688735e-08,7.584529e-12,4.6304276e-11,478666.1,3.0918965e-12,0.07144287,0.002681326
2018-01-18 10:30:00,3.257402e-08,1.16349265e-11,3.976906e-11,1417212.1,6.5750205e-12,0.07144924,0.005198578
2018-01-18 11:30:00,3.2461315e-08,1.2369414e-11,3.389657e-11,2505630.5,9.761678e-12,0.071462296,0.0069269217
2018-01-18 12:30:00,3.2322212e-08,1.1755422e-11,2.9576477e-11,3325512.2,1.1854849e-11,0.07148112,0.00787657
2018-01-18 13:30:00,3.2165705e-08,1.1013467e-11,2.685237e-11,3677934.0,1.27179595e-11,0.07150268,0.008275151
2018-01-18 14:30:00,3.2049723e-08,1.0336432e-11,2.5541054e-11,3458485.2,1.22720315e-11,0.07152281,0.008078914
2018-01-18 15:30:00,3.1996482e-08,9.801802e-12,2.5373398e-11,2795811.0,1.0710637e-11,0.07153826,0.0074434835
2018-01-18 16:30:00,3.1995512e-08,8.878887e-12,2.651559e-11,1760931.8,7.853604e-12,0.07154691,0.0060319924
2018-01-18 17:30:00,3.2020683e-08,6.570627e-12,2.8906409e-11,749320.8,4.289568e-12,0.07154993,0.003732906
2018-01-18 18:30:00,3.205516e-08,2.6415508e-12,3.114636e-11,148866.55,1.3069167e-12,0.07155037,0.0012323661
2018-01-18 19:30:00,3.206748e-08,2.8820503e-13,3.463198e-11,6708.943,1.9288367e-13,0.07155037,5.272822e-06
2018-01-18 20:30:00,3.203606e-08,1.614177e-13,4.131939e-11,6204.666,1.9027663e-13,0.07155037,0.0
2018-01-18 21:30:00,3.200858e-08,1.2357217e-13,4.6421342e-11,6136.6924,1.897608e-13,0.07155037,0.0
2018-01-18 22:30:00,3.1987746e-08,1.1332051e-13,4.9993325e-11,6092.979,1.8937507e-13,0.07155037,0.0
2018-01-18 23:30:00,3.197375e-08,1.096782e-13,5.2479014e-11,6027.1367,1.8782683e-13,0.07155037,0.0
2018-01-19 00:30:00,3.1966493e-08,1.0798898e-13,5.420607e-11,5956.225,1.8577837e-13,0.07155037,0.0
2018-01-19 01:30:00,3.196489e-08,1.07297384e-13,5.5438033e-11,5887.343,1.8349619e-13,0.07155037,0.0
2018-01-19 02:30:00,3.1964674e-08,1.0672568e-13,5.6154654e-11,5823.965,1.8114122e-13,0.07155037,0.0
2018-01-19 03:30:00,3.1964923e-08,1.0610408e-13,5.6304166e-11,5774.7725,1.7901604e-13,0.07155037,0.0
2018-01-19 04:30:00,3.196387e-08,1.07826644e-13,5.6137817e-11,5754.5474,1.7768294e-13,0.07155037,0.0
2018-01-19 05:30:00,3.196101e-08,1.0560563e-13,5.576655e-11,5746.72,1.7665425e-13,0.07155037,0.0
2018-01-19 06:30:00,3.195391e-08,1.05184226e-13,5.534075e-11,5750.698,1.7607152e-13,0.07155037,0.0
2018-01-19 07:30:00,3.194151e-08,1.0536975e-13,5.4953497e-11,5774.9834,1.7609576e-13,0.07155037,0.0
2018-01-19 08:30:00,3.1908925e-08,1.3331235e-12,4.5312205e-11,50729.934,6.1990213e-13,0.0715505,0.0004268286
2018-01-19 09:30:00,3.1855592e-08,5.585321e-12,3.888638e-11,451062.25,2.866207e-12,0.07155219,0.0023656848
2018-01-19 10:30:00,3.178748e-08,8.923783e-12,3.37514e-11,1314886.8,6.1320953e-12,0.071558274,0.004734489
2018-01-19 11:30:00,3.171484e-08,1.0143578e-11,2.9361895e-11,2356580.2,9.248143e-12,0.07157085,0.006592154
2018-01-19 12:30:00,3.1625813e-08,1.0122561e-11,2.6333725e-11,3155271.5,1.1344379e-11,0.07158903,0.0076273577
2018-01-19 13:30:00,3.1558233e-08,9.766162e-12,2.439377e-11,3527940.2,1.2299981e-11,0.07160991,0.008074896
2018-01-19 14:30:00,3.1519637e-08,9.2473e-12,2.346713e-11,3338482.2,1.19503695e-11,0.07162938,0.007865563
2018-01-19 15:30:00,3.153608e-08,8.5507105e-12,2.3555205e-11,2635142.0,1.0301388e-11,0.07164388,0.006973346
2018-01-19 16:30:00,3.1636702e-08,7.341642e-12,2.4611181e-11,1634816.8,7.51108e-12,0.07165188,0.005367993
2018-01-19 17:30:00,3.1825827e-08,4.963392e-12,2.6219842e-11,685979.44,4.0983397e-12,0.071654655,0.0031177315
2018-01-19 18:30:00,3.207643e-08,1.9739932e-12,2.7200008e-11,145381.69,1.3194035e-12,0.07165507,0.0010575079
2018-01-19 19:30:00,3.234065e-08,2.5585946e-13,3.171344e-11,8229.31,2.3452464e-13,0.07165507,4.9967007e-06
2018-01-19 20:30:00,3.256519e-08,1.5147151e-13,3.9017893e-11,7500.952,2.2422403e-13,0.07165507,0.0
2018-01-19 21:30:00,3.2795537e-08,1.1755721e-13,4.4321564e-11,7492.751,2.2355533e-13,0.07165507,0.0
2018-01-19 22:30:00,3.3016573e-08,1.0748657e-13,4.7846442e-11,7573.244,2.2493085e-13,0.07165507,0.0
2018-01-19 23:30:00,3.3206796e-08,1.0294197e-13,5.0045607e-11,7636.6895,2.2556973e-13,0.07165507,0.0
2018-01-20 00:30:00,3.3375258e-08,1.00567226e-13,5.1464766e-11,7673.9604,2.2542055e-13,0.07165507,0.0
2018-01-20 01:30:00,3.353416e-08,9.904316e-14,5.2382265e-11,7692.8604,2.2464599e-13,0.07165507,0.0
2018-01-20 02:30:00,3.367944e-08,9.794505e-14,5.2843303e-11,7700.499,2.2352046e-13,0.07165507,0.0
2018-01-20 03:30:00,3.380356e-08,9.715622e-14,5.2928485e-11,7727.1777,2.2297518e-13,0.07165507,0.0
2018-01-20 04:30:00,3.390431e-08,9.7091484e-14,5.2708577e-11,7772.1914,2.2336507e-13,0.07165507,0.0
2018-01-20 05:30:00,3.39855e-08,9.669985e-14,5.229366e-11,7820.8867,2.2403963e-13,0.07165507,0.0
2018-01-20 06:30:00,3.4050863e-08,9.6643485e-14,5.1853025e-11,7867.398,2.2483011e-13,0.07165507,0.0
2018-01-20 07:30:00,3.4109124e-08,9.693338e-14,5.141682e-11,7928.3237,2.2602e-13,0.07165507,0.0
2018-01-20 08:30:00,3.4151387e-08,1.0739868e-12,4.4157768e-11,50888.637,6.7557147e-13,0.0716552,0.00036544134
2018-01-20 09:30:00,3.4162014e-08,4.236056e-12,3.8571864e-11,401491.97,2.9342746e-12,0.0716567,0.001846004
2018-01-20 10:30:00,3.4127833e-08,6.8993114e-12,3.385743e-11,1186545.1,6.1827683e-12,0.071662076,0.0037535336
2018-01-20 11:30:00,3.401681e-08,8.245769e-12,2.9519553e-11,2201381.2,9.311691e-12,0.0716733,0.0055240802
2018-01-20 12:30:00,3.3857546e-08,8.7115705e-12,2.6305416e-11,3112517.2,1.16779425e-11,0.07169029,0.0068764817
2018-01-20 13:30:00,3.369439e-08,8.526493e-12,2.444402e-11,3490427.5,1.2598025e-11,0.0717099,0.007350468
2018-01-20 14:30:00,3.3556123e-08,8.101701e-12,2.3713044e-11,3273333.2,1.2132397e-11,0.07172817,0.0071089333
2018-01-20 15:30:00,3.3487705e-08,7.2601074e-12,2.4108888e-11,2482201.8,1.0173381e-11,0.071741395,0.0060063116
2018-01-20 16:30:00,3.3494743e-08,5.9210935e-12,2.5207052e-11,1484507.1,7.224064e-12,0.07174861,0.0043854974
2018-01-20 17:30:00,3.355932e-08,3.8026006e-12,2.6420258e-11,602732.4,3.8242096e-12,0.0717511,0.0024534333
2018-01-20 18:30:00,3.3657212e-08,1.2758899e-12,2.6983278e-11,106326.055,1.0637767e-12,0.07175142,0.0006733706
2018-01-20 19:30:00,3.374765e-08,2.078338e-13,3.157266e-11,8869.679,2.475322e-13,0.07175142,3.6263882e-06
2018-01-20 20:30:00,3.3785774e-08,1.4187802e-13,3.92458e-11,7833.0938,2.2729697e-13,0.07175142,0.0
2018-01-20 21:30:00,3.3815475e-08,1.16937e-13,4.4719145e-11,7468.441,2.1764937e-13,0.07175142,0.0
2018-01-20 22:30:00,3.383731e-08,1.0919198e-13,4.856942e-11,7214.7065,2.1084157e-13,0.07175142,0.0
2018-01-20 23:30:00,3.3848405e-08,1.0555651e-13,5.1322106e-11,6977.0024,2.042975e-13,0.07175142,0.0
2018-01-21 00:30:00,3.384377e-08,1.0367285e-13,5.3410165e-11,6732.1323,1.9748854e-13,0.07175142,0.0
2018-01-21 01:30:00,3.3827533e-08,1.027262e-13,5.502828e-11,6459.08,1.8981325e-13,0.07175142,0.0
2018-01-21 02:30:00,3.3796145e-08,1.02285286e-13,5.615633e-11,6189.286,1.8215239e-13,0.07175142,0.0
2018-01-21 03:30:00,3.3745824e-08,1.0218766e-13,5.6882683e-11,5931.6626,1.7483615e-13,0.07175142,0.0
2018-01-21 04:30:00,3.3679225e-08,1.02565526e-13,5.727686e-11,5687.147,1.6793263e-13,0.07175142,0.0
2018-01-21 05:30:00,3.3598038e-08,1.0359163e-13,5.752894e-11,5454.239,1.6139574e-13,0.07175142,0.0
2018-01-21 06:30:00,3.349903e-08,1.0484063e-13,5.7737114e-11,5238.552,1.5526518e-13,0.07175142,0.0
2018-01-21 07:30:00,3.338002e-08,1.0620431e-13,5.7853795e-11,5061.199,1.5036602e-13,0.07175142,0.0
2018-01-21 08:30:00,3.323435e-08,1.1179216e-12,4.9268988e-11,39365.27,4.60292e-13,0.071751535,0.00033526047
2018-01-21 09:30:00,3.306239e-08,4.4109165e-12,4.0831026e-11,353949.9,2.204473e-12,0.07175299,0.0018219443
2018-01-21 10:30:00,3.2878084e-08,6.9627993e-12,3.4668622e-11,1065442.4,4.866007e-12,0.07175819,0.0036916314
2018-01-21 11:30:00,3.2708083e-08,8.305124e-12,3.0050393e-11,1999126.6,7.5481175e-12,0.071769014,0.005420512
2018-01-21 12:30:00,3.2559072e-08,9.409659e-12,2.652733e-11,3151333.0,1.0325954e-11,0.07178712,0.0074098255
2018-01-21 13:30:00,3.2435512e-08,9.370058e-12,2.519885e-11,3556029.8,1.1199448e-11,0.07180795,0.007847972
2018-01-21 14:30:00,3.235198e-08,9.051964e-12,2.4840515e-11,3372836.8,1.0764485e-11,0.071827404,0.0076255915
2018-01-21 15:30:00,3.2316255e-08,8.649379e-12,2.4830459e-11,2814383.0,9.434697e-12,0.07184283,0.0071471636
2018-01-21 16:30:00,3.2315537e-08,7.322437e-12,2.530149e-11,1741183.5,6.5972874e-12,0.0718514,0.005630153
2018-01-21 17:30:00,3.234874e-08,4.605629e-12,2.4702577e-11,723977.1,3.3114815e-12,0.0718544,0.003365778
2018-01-21 18:30:00,3.2406458e-08,1.5538072e-12,2.1285402e-11,157526.38,9.911858e-13,0.07185485,0.0011447738
2018-01-21 19:30:00,3.2479946e-08,3.3553902e-13,2.8693948e-11,6423.2764,1.7981871e-13,0.07185485,5.928003e-06
2018-01-21 20:30:00,3.2487083e-08,2.2917332e-13,4.153803e-11,4641.193,1.4171845e-13,0.07185485,0.0
2018-01-21 21:30:00,3.2470147e-08,1.7130393e-13,5.255605e-11,4219.2363,1.298673e-13,0.07185485,0.0
2018-01-21 22:30:00,3.243754e-08,1.5171486e-13,6.114627e-11,4098.4775,1.2699744e-13,0.07185485,0.0
2018-01-21 23:30:00,3.239024e-08,1.4514475e-13,6.7945e-11,4045.2996,1.2601468e-13,0.07185485,0.0
2018-01-22 00:30:00,3.2323626e-08,1.428677e-13,7.355976e-11,3994.1057,1.2495387e-13,0.07185485,0.0
2018-01-22 01:30:00,3.224658e-08,1.407468e-13,7.820897e-11,3939.8113,1.2370133e-13,0.07185485,0.0
2018-01-22 02:30:00,3.2161665e-08,1.3907015e-13,8.192995e-11,3888.0288,1.2242761e-13,0.07185485,0.0
2018-01-22 03:30:00,3.2059692e-08,1.3778125e-13,8.5019686e-11,3840.1824,1.2125788e-13,0.07185485,0.0
2018-01-22 04:30:00,3.1951256e-08,1.3723143e-13,8.753813e-11,3812.352,1.2075757e-13,0.07185485,0.0
2018-01-22 05:30:00,3.183834e-08,1.369314e-13,8.961404e-11,3782.6985,1.2018147e-13,0.07185485,0.0
2018-01-22 06:30:00,3.1719676e-08,1.3537585e-13,9.152296e-11,3754.5608,1.1974831e-13,0.07185485,0.0
2018-01-22 07:30:00,3.160727e-08,1.3660964e-13,9.3042164e-11,3753.4858,1.2001888e-13,0.07185485,0.0
2018-01-22 08:30:00,3.1447627e-08,2.0324842e-12,5.2814714e-11,92681.08,6.617202e-13,0.07185502,0.00061831786
2018-01-22 09:30:00,3.1209126e-08,5.666846e-12,3.283828e-11,624451.0,2.4607154e-12,0.071857154,0.0035126905
2018-01-22 10:30:00,3.097907e-08,7.750081e-12,2.7263905e-11,1497136.8,4.892371e-12,0.07186473,0.0060433997
2018-01-22 11:30:00,3.0789348e-08,8.637458e-12,2.522121e-11,2541360.0,7.428125e-12,0.07187971,0.0074604703
2018-01-22 12:30:00,3.0592396e-08,8.96888e-12,2.4158594e-11,3425183.0,9.345161e-12,0.07190124,0.008334863
2018-01-22 13:30:00,3.0405943e-08,9.000895e-12,2.3610404e-11,3841648.2,1.0200427e-11,0.0719258,0.008681069
2018-01-22 14:30:00,3.0251872e-08,8.701552e-12,2.3135327e-11,3670428.2,9.868151e-12,0.07194887,0.0085245995
2018-01-22 15:30:00,3.0139084e-08,7.928821e-12,2.2334596e-11,2975076.2,8.382433e-12,0.07196653,0.007890756
2018-01-22 16:30:00,3.007318e-08,6.508325e-12,2.078727e-11,1948051.0,5.9323766e-12,0.07197676,0.006747551
2018-01-22 17:30:00,3.0027568e-08,4.0149186e-12,1.7558384e-11,897973.56,3.0510225e-12,0.07198048,0.0047189198
2018-01-22 18:30:00,3.004915e-08,1.1530769e-12,1.1079708e-11,208336.33,9.131207e-13,0.07198099,0.001502641
2018-01-22 19:30:00,3.0349913e-08,4.9710507e-13,1.8629336e-11,7406.1494,2.2296475e-13,0.07198099,7.66833e-06
2018-01-22 20:30:00,3.058162e-08,3.8160526e-13,3.6055436e-11,4342.1626,1.4391472e-13,0.07198099,0.0
2018-01-22 21:30:00,3.0797043e-08,2.2381681e-13,5.1844834e-11,3643.648,1.2129939e-13,0.07198099,0.0
2018-01-22 22:30:00,3.101377e-08,1.6594614e-13,6.376237e-11,3585.2556,1.1974048e-13,0.07198099,0.0
2018-01-22 23:30:00,3.1225717e-08,1.4858087e-13,7.219788e-11,3672.9856,1.2279159e-13,0.07198099,0.0
2018-01-23 00:30:00,3.1436198e-08,1.4201073e-13,7.8150354e-11,3776.6265,1.2608519e-13,0.07198099,0.0
2018-01-23 01:30:00,3.1642543e-08,1.3899599e-13,8.1846835e-11,3873.545,1.2890839e-13,0.07198099,0.0
2018-01-23 02:30:00,3.18201e-08,1.3729977e-13,8.4394595e-11,3928.4597,1.3022255e-13,0.07198099,0.0
2018-01-23 03:30:00,3.197809e-08,1.3540837e-13,8.599107e-11,3965.931,1.308885e-13,0.07198099,0.0
2018-01-23 04:30:00,3.2118304e-08,1.3557894e-13,8.699224e-11,3989.903,1.3100828e-13,0.07198099,0.0
2018-01-23 05:30:00,3.2233444e-08,1.3423513e-13,8.757975e-11,3989.162,1.303243e-13,0.07198099,0.0
2018-01-23 06:30:00,3.232525e-08,1.342532e-13,8.797681e-11,3974.082,1.2907703e-13,0.07198099,0.0
2018-01-23 07:30:00,3.2396645e-08,1.3450817e-13,8.806984e-11,3961.4602,1.2776802e-13,0.07198099,0.0
2018-01-23 08:30:00,3.2359004e-08,1.7708905e-12,4.331895e-11,113030.53,7.192883e-13,0.071981184,0.00069151627
2018-01-23 09:30:00,3.217059e-08,4.734732e-12,2.6872978e-11,673687.0,2.5363624e-12,0.071983516,0.0038196552
2018-01-23 10:30:00,3.196711e-08,6.4054335e-12,2.2845595e-11,1634798.6,5.153664e-12,0.07199172,0.006298265
2018-01-23 11:30:00,3.1784268e-08,7.030612e-12,2.1158235e-11,2787959.5,7.807963e-12,0.07200772,0.0076448685
2018-01-23 12:30:00,3.1574494e-08,7.2234896e-12,2.0227847e-11,3746086.5,9.7454805e-12,0.07203046,0.008455769
2018-01-23 13:30:00,3.1360436e-08,7.175974e-12,1.9614832e-11,4191275.0,1.05856955e-11,0.07205636,0.00879262
2018-01-23 14:30:00,3.1191135e-08,6.848824e-12,1.896688e-11,3995108.5,1.0193459e-11,0.072080724,0.008637253
2018-01-23 15:30:00,3.1091954e-08,6.1553315e-12,1.8016408e-11,3222365.5,8.605843e-12,0.07209939,0.007995709
2018-01-23 16:30:00,3.1068335e-08,5.023464e-12,1.6524582e-11,2103056.5,6.065154e-12,0.07211027,0.0068720155
2018-01-23 17:30:00,3.1093386e-08,3.1547646e-12,1.384411e-11,965531.6,3.100394e-12,0.07211426,0.0048697875
2018-01-23 18:30:00,3.11873e-08,9.616202e-13,8.655857e-12,216125.1,8.968004e-13,0.07211481,0.0015802819
2018-01-23 19:30:00,3.158973e-08,4.9343873e-13,1.4294945e-11,7330.468,2.1354325e-13,0.07211481,8.365217e-06
2018-01-23 20:30:00,3.190452e-08,4.303633e-13,2.9132786e-11,4275.066,1.374216e-13,0.07211481,0.0
2018-01-23 21:30:00,3.2168835e-08,2.4876854e-13,4.1985634e-11,3538.7737,1.1352607e-13,0.07211481,0.0
2018-01-23 22:30:00,3.2403353e-08,1.7325147e-13,5.1802687e-11,3462.0515,1.1102755e-13,0.07211481,0.0
2018-01-23 23:30:00,3.26192e-08,1.5064495e-13,5.9243256e-11,3546.4226,1.1364096e-13,0.07211481,0.0
2018-01-24 00:30:00,3.281955e-08,1.4341356e-13,6.463027e-11,3657.7336,1.1693024e-13,0.07211481,0.0
2018-01-24 01:30:00,3.3004426e-08,1.4002905e-13,6.853205e-11,3746.215,1.1929247e-13,0.07211481,0.0
2018-01-24 02:30:00,3.3177564e-08,1.3734566e-13,7.119981e-11,3811.0557,1.2067852e-13,0.07211481,0.0
2018-01-24 03:30:00,3.3334544e-08,1.3476933e-13,7.264074e-11,3856.0642,1.2127273e-13,0.07211481,0.0
2018-01-24 04:30:00,3.3460477e-08,1.3316036e-13,7.329952e-11,3880.888,1.2120239e-13,0.07211481,0.0
2018-01-24 05:30:00,3.3551242e-08,1.324541e-13,7.361417e-11,3884.2305,1.2058974e-13,0.07211481,0.0
2018-01-24 06:30:00,3.3621617e-08,1.3126692e-13,7.359273e-11,3889.6184,1.2004921e-13,0.07211481,0.0
2018-01-24 07:30:00,3.367502e-08,1.3085851e-13,7.3277946e-11,3906.902,1.1978847e-13,0.07211481,0.0
2018-01-24 08:30:00,3.3627973e-08,1.4859948e-12,3.6200463e-11,106798.37,6.800683e-13,0.072115004,0.0007050465
2018-01-24 09:30:00,3.3470815e-08,4.3830187e-12,2.4672419e-11,664957.3,2.6257403e-12,0.072117366,0.003848382
2018-01-24 10:30:00,3.3284486e-08,6.1685245e-12,2.1766033e-11,1646302.2,5.5025203e-12,0.072125584,0.0063146884
2018-01-24 11:30:00,3.308726e-08,6.8206512e-12,2.0365298e-11,2791456.0,8.333513e-12,0.07214149,0.0076578595
2018-01-24 12:30:00,3.2864413e-08,6.967478e-12,1.9344549e-11,3711585.2,1.0317621e-11,0.07216385,0.0084502855
2018-01-24 13:30:00,3.2646952e-08,6.9119792e-12,1.8680791e-11,4144515.2,1.1171367e-11,0.072189115,0.008782739
2018-01-24 14:30:00,3.2465195e-08,6.6608585e-12,1.8181722e-11,3947641.0,1.077275e-11,0.07221268,0.008623358
2018-01-24 15:30:00,3.2345913e-08,6.1136226e-12,1.7658626e-11,3147686.8,9.088713e-12,0.07223038,0.007909803
2018-01-24 16:30:00,3.228926e-08,5.2055044e-12,1.68591e-11,2043781.5,6.46945e-12,0.072240576,0.006742624
2018-01-24 17:30:00,3.228152e-08,3.4344413e-12,1.5011981e-11,929531.9,3.336213e-12,0.07224429,0.004657745
2018-01-24 18:30:00,3.2356454e-08,9.482883e-13,1.0430002e-11,195617.1,9.282358e-13,0.07224481,0.0014516532
2018-01-24 19:30:00,3.2558535e-08,4.1525916e-13,1.6096385e-11,7077.344,1.9954694e-13,0.07224481,8.4345875e-06
2018-01-24 20:30:00,3.2681545e-08,3.5804056e-13,2.9741556e-11,4282.6953,1.3394402e-13,0.07224481,0.0
2018-01-24 21:30:00,3.2789575e-08,2.2370524e-13,4.1192882e-11,3703.563,1.1631673e-13,0.07224481,0.0
2018-01-24 22:30:00,3.2895613e-08,1.6718685e-13,4.9793433e-11,3686.9736,1.162699e-13,0.07224481,0.0
2018-01-24 23:30:00,3.3013723e-08,1.4844532e-13,5.6017736e-11,3815.8147,1.2063358e-13,0.07224481,0.0
2018-01-25 00:30:00,3.3144374e-08,1.4167595e-13,6.0666284e-11,3963.544,1.2532915e-13,0.07224481,0.0
2018-01-25 01:30:00,3.3266723e-08,1.390896e-13,6.437718e-11,4094.402,1.2932029e-13,0.07224481,0.0
2018-01-25 02:30:00,3.3376324e-08,1.3747781e-13,6.736502e-11,4202.1455,1.3245714e-13,0.07224481,0.0
2018-01-25 03:30:00,3.3475303e-08,1.3613664e-13,6.976026e-11,4290.404,1.3487627e-13,0.07224481,0.0
2018-01-25 04:30:00,3.356198e-08,1.3515651e-13,7.172395e-11,4360.916,1.3664119e-13,0.07224481,0.0
2018-01-25 05:30:00,3.363708e-08,1.3421649e-13,7.311736e-11,4419.0186,1.3796981e-13,0.07224481,0.0
2018-01-25 06:30:00,3.3706243e-08,1.3341228e-13,7.39042e-11,4476.884,1.3909444e-13,0.07224481,0.0
2018-01-25 07:30:00,3.3767492e-08,1.3307611e-13,7.421182e-11,4543.2817,1.4030087e-13,0.07224481,0.0
2018-01-25 08:30:00,3.376784e-08,2.1727034e-12,4.9348945e-11,98868.375,7.8579607e-13,0.072245,0.00071980606
2018-01-25 09:30:00,3.3724884e-08,7.843268e-12,3.8880215e-11,704287.9,3.308924e-12,0.07224734,0.0038806496
2018-01-25 10:30:00,3.3665614e-08,1.0579644e-11,3.4059526e-11,1804199.4,6.8391026e-12,0.072255425,0.0063207047
2018-01-25 11:30:00,3.3592777e-08,1.1180533e-11,3.115335e-11,3033818.5,1.0098255e-11,0.072271094,0.0076547284
2018-01-25 12:30:00,3.3516212e-08,1.1353843e-11,2.9730107e-11,4022082.0,1.243954e-11,0.072293185,0.008441891
2018-01-25 13:30:00,3.3443932e-08,1.1581448e-11,2.959289e-11,4514796.0,1.3621682e-11,0.07231827,0.0087704845
2018-01-25 14:30:00,3.3407975e-08,1.1768763e-11,3.0249133e-11,4343823.0,1.34593925e-11,0.07234182,0.008614339
2018-01-25 15:30:00,3.344662e-08,1.1808459e-11,3.158296e-11,3553006.8,1.1918129e-11,0.07235984,0.007971916
2018-01-25 16:30:00,3.3563698e-08,1.1542946e-11,3.382033e-11,2374938.8,9.116507e-12,0.07237036,0.0068475907
2018-01-25 17:30:00,3.373887e-08,9.80894e-12,3.7327256e-11,1116480.4,5.321436e-12,0.07237425,0.0048561553
2018-01-25 18:30:00,3.3960422e-08,4.098242e-12,4.1474765e-11,225140.92,1.6361046e-12,0.072374806,0.0016335213
2018-01-25 19:30:00,3.415958e-08,4.006992e-13,5.049232e-11,7285.152,1.9392085e-13,0.072374806,9.580593e-06
2018-01-25 20:30:00,3.4275345e-08,2.0331457e-13,6.3047796e-11,6718.727,2.003116e-13,0.072374806,0.0
2018-01-25 21:30:00,3.4359243e-08,1.5393631e-13,7.280986e-11,7050.474,2.1178307e-13,0.072374806,0.0
2018-01-25 22:30:00,3.4429277e-08,1.4173759e-13,7.8902065e-11,7283.4634,2.1956442e-13,0.072374806,0.0
2018-01-25 23:30:00,3.4486177e-08,1.3697046e-13,8.233639e-11,7415.919,2.2381668e-13,0.072374806,0.0
2018-01-26 00:30:00,3.4528927e-08,1.3420798e-13,8.431588e-11,7522.791,2.2700025e-13,0.072374806,0.0
2018-01-26 01:30:00,3.4555605e-08,1.3353886e-13,8.543588e-11,7622.1084,2.2980194e-13,0.072374806,0.0
2018-01-26 02:30:00,3.4566312e-08,1.3225659e-13,8.595269e-11,7719.571,2.3238033e-13,0.072374806,0.0
2018-01-26 03:30:00,3.4567133e-08,1.313199e-13,8.6038905e-11,7836.636,2.3531573e-13,0.072374806,0.0
2018-01-26 04:30:00,3.4569236e-08,1.3043824e-13,8.539186e-11,7978.759,2.3872023e-13,0.072374806,0.0
2018-01-26 05:30:00,3.4595114e-08,1.2980329e-13,8.386978e-11,8111.4146,2.4136116e-13,0.072374806,0.0
2018-01-26 06:30:00,3.463401e-08,1.3192258e-13,8.1952646e-11,8231.558,2.430876e-13,0.072374806,0.0
2018-01-26 07:30:00,3.4668723e-08,1.2994351e-13,7.9892745e-11,8341.019,2.4430536e-13,0.072374806,0.0
2018-01-26 08:30:00,3.4687233e-08,2.5168173e-12,7.34099e-11,76474.64,9.771811e-13,0.072374985,0.0005490599
2018-01-26 09:30:00,3.4693e-08,9.986279e-12,6.4770925e-11,630486.06,4.083431e-12,0.07237705,0.0027170049
2018-01-26 10:30:00,3.4707206e-08,1.4977544e-11,5.47777e-11,1842333.6,8.359928e-12,0.072384335,0.0052807094
2018-01-26 11:30:00,3.4715832e-08,1.5997047e-11,4.6356835e-11,3261540.8,1.2285026e-11,0.07239915,0.007179223
2018-01-26 12:30:00,3.4680735e-08,1.5626372e-11,4.1038027e-11,4403191.0,1.50462e-11,0.0724207,0.008320519
2018-01-26 13:30:00,3.4656548e-08,1.4996077e-11,3.820209e-11,4890272.5,1.622673e-11,0.072445266,0.00873709
2018-01-26 14:30:00,3.465616e-08,1.4352457e-11,3.7021934e-11,4642149.5,1.5857331e-11,0.072468214,0.008543833
2018-01-26 15:30:00,3.4701078e-08,1.30046425e-11,3.8330995e-11,3421860.0,1.3266255e-11,0.07248406,0.0070855953
2018-01-26 16:30:00,3.4786936e-08,1.14115375e-11,4.1233596e-11,2115657.5,9.885936e-12,0.07249283,0.005396151
2018-01-26 17:30:00,3.490303e-08,8.122743e-12,4.6296366e-11,888645.8,5.684696e-12,0.0724959,0.0031193777
2018-01-26 18:30:00,3.5021365e-08,3.285073e-12,5.2767055e-11,176536.44,1.889087e-12,0.072496355,0.0009890547
2018-01-26 19:30:00,3.5098132e-08,3.0309907e-13,5.781178e-11,10192.86,2.73754e-13,0.072496355,7.5077023e-06
2018-01-26 20:30:00,3.510232e-08,1.6507553e-13,6.56734e-11,10287.388,2.9496097e-13,0.072496355,0.0
2018-01-26 21:30:00,3.5087403e-08,1.355326e-13,7.0709626e-11,10557.644,3.0480528e-13,0.072496355,0.0
2018-01-26 22:30:00,3.50689e-08,1.2736291e-13,7.268014e-11,10516.115,3.047549e-13,0.072496355,0.0
2018-01-26 23:30:00,3.5068574e-08,1.2371143e-13,7.275369e-11,10347.001,2.999841e-13,0.072496355,0.0
2018-01-27 00:30:00,3.507659e-08,1.2212971e-13,7.2163386e-11,10140.932,2.934902e-13,0.072496355,0.0
2018-01-27 01:30:00,3.508198e-08,1.2166621e-13,7.150723e-11,9933.828,2.8664546e-13,0.072496355,0.0
2018-01-27 02:30:00,3.507695e-08,1.2185344e-13,7.09123e-11,9751.016,2.8041274e-13,0.072496355,0.0
2018-01-27 03:30:00,3.505876e-08,1.2206134e-13,7.0376635e-11,9609.531,2.7556508e-13,0.072496355,0.0
2018-01-27 04:30:00,3.502967e-08,1.2218423e-13,6.978758e-11,9525.321,2.725947e-13,0.072496355,0.0
2018-01-27 05:30:00,3.4995367e-08,1.2200253e-13,6.9023606e-11,9451.579,2.7015155e-13,0.072496355,0.0
2018-01-27 06:30:00,3.4956393e-08,1.2222951e-13,6.8238463e-11,9387.528,2.6821812e-13,0.072496355,0.0
2018-01-27 07:30:00,3.491527e-08,1.2218704e-13,6.732811e-11,9357.654,2.672862e-13,0.072496355,1.6032671e-09
2018-01-27 08:30:00,3.487919e-08,2.261668e-12,6.50964e-11,80350.14,1.1115763e-12,0.07249654,0.00055174384
2018-01-27 09:30:00,3.486495e-08,1.1906834e-11,5.5182175e-11,823728.5,5.1295092e-12,0.07249902,0.0038924972
2018-01-27 10:30:00,3.4876773e-08,1.5484426e-11,4.6361196e-11,2166366.5,9.761143e-12,0.072507545,0.0065453914
2018-01-27 11:30:00,3.4871476e-08,1.5081072e-11,3.9562516e-11,3556270.8,1.3580993e-11,0.07252413,0.007997649
2018-01-27 12:30:00,3.4814143e-08,1.4025331e-11,3.499871e-11,4602209.0,1.6094655e-11,0.07254758,0.008794813
2018-01-27 13:30:00,3.4700104e-08,1.3232768e-11,3.248302e-11,5022782.0,1.7122612e-11,0.07257406,0.009094263
2018-01-27 14:30:00,3.4607183e-08,1.27714376e-11,3.153609e-11,4755757.0,1.6728672e-11,0.07259891,0.008946803
2018-01-27 15:30:00,3.4589295e-08,1.2525634e-11,3.201388e-11,3857829.8,1.4891676e-11,0.07261792,0.00832607
2018-01-27 16:30:00,3.4660587e-08,1.22257855e-11,3.4072925e-11,2558256.5,1.16751e-11,0.07262897,0.007151433
2018-01-27 17:30:00,3.4801502e-08,1.0521848e-11,3.869045e-11,1207173.5,7.279762e-12,0.07263303,0.004971382
2018-01-27 18:30:00,3.4959836e-08,5.075509e-12,4.631466e-11,265211.6,2.6614856e-12,0.07263363,0.0017978557
2018-01-27 19:30:00,3.505661e-08,3.4725985e-13,5.2530657e-11,11507.33,3.0645077e-13,0.07263364,1.1403102e-05
2018-01-27 20:30:00,3.5076862e-08,1.5663745e-13,5.9476576e-11,11459.622,3.2774743e-13,0.07263364,0.0
2018-01-27 21:30:00,3.507346e-08,1.2177715e-13,6.429375e-11,11891.156,3.417027e-13,0.07263364,0.0
2018-01-27 22:30:00,3.5065504e-08,1.1444913e-13,6.713937e-11,11911.126,3.4308426e-13,0.07263364,0.0
2018-01-27 23:30:00,3.5057237e-08,1.1144861e-13,6.8675954e-11,11814.32,3.4047263e-13,0.07263364,0.0
2018-01-28 00:30:00,3.504772e-08,1.094613e-13,6.9406154e-11,11694.52,3.3684302e-13,0.07263364,0.0
2018-01-28 01:30:00,3.5034034e-08,1.0815266e-13,6.970018e-11,11561.737,3.3260937e-13,0.07263364,0.0
2018-01-28 02:30:00,3.5023692e-08,1.06896574e-13,6.965586e-11,11450.464,3.2860582e-13,0.07263364,0.0
2018-01-28 03:30:00,3.5020733e-08,1.0601119e-13,6.9304104e-11,11363.832,3.2506745e-13,0.07263364,0.0
2018-01-28 04:30:00,3.502094e-08,1.0518874e-13,6.8792874e-11,11312.422,3.2229002e-13,0.07263364,0.0
2018-01-28 05:30:00,3.502308e-08,1.0452777e-13,6.813194e-11,11277.754,3.1979535e-13,0.07263364,0.0
2018-01-28 06:30:00,3.5030027e-08,1.03819846e-13,6.739423e-11,11272.081,3.1783674e-13,0.07263364,0.0
2018-01-28 07:30:00,3.5044696e-08,1.0285266e-13,6.655283e-11,11275.153,3.163289e-13,0.07263364,3.5853454e-09
2018-01-28 08:30:00,3.5077772e-08,3.417978e-12,6.402637e-11,108160.086,1.4089084e-12,0.07263386,0.0008259535
2018-01-28 09:30:00,3.5150002e-08,1.3317994e-11,5.42202e-11,876128.56,5.4664797e-12,0.072636485,0.004308514
2018-01-28 10:30:00,3.5241985e-08,1.6029069e-11,4.5587194e-11,2175752.0,1.0020829e-11,0.07264536,0.006763285
2018-01-28 11:30:00,3.5294345e-08,1.5010885e-11,3.842169e-11,3468882.0,1.36601026e-11,0.07266234,0.008073025
2018-01-28 12:30:00,3.5270233e-08,1.351765e-11,3.33254e-11,4405278.0,1.5957033e-11,0.07268602,0.008798015
2018-01-28 13:30:00,3.519223e-08,1.2508547e-11,3.0354365e-11,4802947.0,1.6908077e-11,0.072712794,0.009123591
2018-01-28 14:30:00,3.509721e-08,1.1897222e-11,2.913927e-11,4543727.5,1.6459488e-11,0.07273794,0.008964986
2018-01-28 15:30:00,3.5068442e-08,1.1511965e-11,2.9428616e-11,3683596.2,1.4598872e-11,0.07275719,0.008296579
2018-01-28 16:30:00,3.512851e-08,1.1219526e-11,3.104344e-11,2476306.8,1.1481009e-11,0.07276851,0.0072112996
2018-01-28 17:30:00,3.5248284e-08,9.7376005e-12,3.469738e-11,1188146.8,7.16302e-12,0.0727727,0.0051127938
2018-01-28 18:30:00,3.539819e-08,4.086592e-12,4.0799218e-11,248287.64,2.5187803e-12,0.0727733,0.0016351546
2018-01-28 19:30:00,3.551899e-08,2.9189777e-13,4.5090674e-11,12714.821,3.3942608e-13,0.07277331,1.2057163e-05
2018-01-28 20:30:00,3.559823e-08,1.3545178e-13,5.001286e-11,12486.766,3.54475e-13,0.07277331,0.0
2018-01-28 21:30:00,3.566888e-08,1.0737738e-13,5.358634e-11,12907.345,3.6705312e-13,0.07277331,0.0
2018-01-28 22:30:00,3.5732636e-08,1.00921326e-13,5.5845502e-11,12934.386,3.6813258e-13,0.07277331,0.0
2018-01-28 23:30:00,3.5789604e-08,9.810432e-14,5.7098864e-11,12834.047,3.6535719e-13,0.07277331,0.0
2018-01-29 00:30:00,3.5835225e-08,9.6452184e-14,5.7910666e-11,12682.454,3.6105748e-13,0.07277331,0.0
2018-01-29 01:30:00,3.587056e-08,9.5731996e-14,5.8453464e-11,12486.911,3.5561782e-13,0.07277331,0.0
2018-01-29 02:30:00,3.589515e-08,9.503968e-14,5.874996e-11,12286.653,3.4997477e-13,0.07277331,0.0
2018-01-29 03:30:00,3.5903163e-08,9.505816e-14,5.875801e-11,12108.914,3.4487102e-13,0.07277331,0.0
2018-01-29 04:30:00,3.5897155e-08,9.465329e-14,5.850559e-11,11985.957,3.4118224e-13,0.07277331,0.0
2018-01-29 05:30:00,3.5880884e-08,9.430786e-14,5.817761e-11,11844.275,3.3708819e-13,0.07277331,0.0
2018-01-29 06:30:00,3.5864126e-08,9.388145e-14,5.771509e-11,11734.518,3.33848e-13,0.07277331,0.0
2018-01-29 07:30:00,3.58521e-08,9.402995e-14,5.724029e-11,11684.309,3.3215756e-13,0.07277331,4.6275908e-09
2018-01-29 08:30:00,3.5831864e-08,2.3368354e-12,5.2936076e-11,92146.02,1.2103765e-12,0.07277352,0.00069649244
2018-01-29 09:30:00,3.579898e-08,9.191702e-12,4.6864203e-11,686343.44,4.668724e-12,0.07277592,0.0034537711
2018-01-29 10:30:00,3.5759996e-08,1.2969144e-11,3.9847244e-11,1877176.1,9.06235e-12,0.072784394,0.006292953
2018-01-29 11:30:00,3.567495e-08,1.2837874e-11,3.402704e-11,3119578.8,1.267121e-11,0.072801076,0.007843315
2018-01-29 12:30:00,3.5510627e-08,1.1856002e-11,2.959629e-11,4074420.5,1.505953e-11,0.07282494,0.00875169
2018-01-29 13:30:00,3.5328238e-08,1.0996569e-11,2.6929174e-11,4466101.5,1.5996964e-11,0.07285202,0.009096804
2018-01-29 14:30:00,3.517554e-08,1.0426119e-11,2.5817687e-11,4234172.5,1.5551255e-11,0.072877474,0.008924703
2018-01-29 15:30:00,3.510671e-08,1.0087652e-11,2.6003446e-11,3458853.8,1.378791e-11,0.072897084,0.00828889
2018-01-29 16:30:00,3.5142637e-08,9.728574e-12,2.7355257e-11,2321718.5,1.0720854e-11,0.07290859,0.007145259
2018-01-29 17:30:00,3.5260143e-08,8.112481e-12,3.005699e-11,1095924.1,6.4935774e-12,0.072912805,0.004929139
2018-01-29 18:30:00,3.5413997e-08,3.2816044e-12,3.3728995e-11,230230.56,2.1890708e-12,0.07291342,0.0015795979
2018-01-29 19:30:00,3.55623e-08,2.5798049e-13,3.8185483e-11,12736.475,3.4097096e-13,0.07291343,1.2716488e-05
2018-01-29 20:30:00,3.569594e-08,1.2009178e-13,4.3744095e-11,11841.279,3.3802434e-13,0.07291343,0.0
2018-01-29 21:30:00,3.5833285e-08,9.424988e-14,4.7274556e-11,12072.099,3.4350696e-13,0.07291343,0.0
2018-01-29 22:30:00,3.5980268e-08,8.835992e-14,4.9348105e-11,12160.556,3.4436955e-13,0.07291343,0.0
2018-01-29 23:30:00,3.6134455e-08,8.5966126e-14,5.0632686e-11,12234.367,3.4447868e-13,0.07291343,0.0
2018-01-30 00:30:00,3.6287158e-08,8.4569525e-14,5.1558587e-11,12308.321,3.4449722e-13,0.07291343,0.0
2018-01-30 01:30:00,3.643012e-08,8.5634137e-14,5.221577e-11,12379.156,3.4446943e-13,0.07291343,0.0
2018-01-30 02:30:00,3.6555658e-08,8.37054e-14,5.259378e-11,12444.21,3.4427707e-13,0.07291343,0.0
2018-01-30 03:30:00,3.6662414e-08,8.285639e-14,5.266311e-11,12490.108,3.435738e-13,0.07291343,0.0
2018-01-30 04:30:00,3.6751167e-08,8.2369394e-14,5.2329283e-11,12502.584,3.4233217e-13,0.07291343,0.0
2018-01-30 05:30:00,3.6826478e-08,8.1870844e-14,5.1796543e-11,12506.305,3.4104127e-13,0.07291343,0.0
2018-01-30 06:30:00,3.688904e-08,8.162449e-14,5.1136595e-11,12543.672,3.4051389e-13,0.07291343,0.0
2018-01-30 07:30:00,3.693703e-08,8.165752e-14,5.0397415e-11,12644.513,3.4177172e-13,0.07291343,7.037914e-09
2018-01-30 08:30:00,3.695894e-08,1.868141e-12,4.5597266e-11,91210.83,1.1438322e-12,0.07291364,0.00066468265
2018-01-30 09:30:00,3.6950997e-08,7.2827196e-12,4.1850072e-11,645942.9,4.4146345e-12,0.07291599,0.003144744
2018-01-30 10:30:00,3.6914688e-08,1.0897584e-11,3.6848444e-11,1789986.4,8.67534e-12,0.07292427,0.0058680633
2018-01-30 11:30:00,3.6831104e-08,1.1395576e-11,3.2013017e-11,3046304.2,1.2307179e-11,0.07294077,0.007577771
2018-01-30 12:30:00,3.6670723e-08,1.0931693e-11,2.8154066e-11,4066982.2,1.4839538e-11,0.07296485,0.008682272
2018-01-30 13:30:00,3.649649e-08,1.0275093e-11,2.585106e-11,4458789.5,1.5763413e-11,0.072992094,0.00904499
2018-01-30 14:30:00,3.6365563e-08,9.748798e-12,2.483267e-11,4218956.5,1.5285367e-11,0.073017605,0.008863908
2018-01-30 15:30:00,3.6321392e-08,9.442653e-12,2.4839205e-11,3516531.2,1.3691688e-11,0.073037736,0.008348387
2018-01-30 16:30:00,3.6376303e-08,9.048784e-12,2.5969824e-11,2365380.2,1.0636774e-11,0.07304955,0.007224489
2018-01-30 17:30:00,3.651902e-08,7.5830245e-12,2.82422e-11,1133243.2,6.472655e-12,0.07305392,0.0050961203
2018-01-30 18:30:00,3.672381e-08,3.229767e-12,3.072834e-11,255457.17,2.2379787e-12,0.07305457,0.0017749505
2018-01-30 19:30:00,3.6923513e-08,2.5917964e-13,3.5662903e-11,14452.661,3.6721326e-13,0.073054574,1.4472395e-05
2018-01-30 20:30:00,3.707116e-08,1.201102e-13,4.177537e-11,13291.693,3.595934e-13,0.073054574,0.0
2018-01-30 21:30:00,3.7180417e-08,9.258799e-14,4.586236e-11,13362.809,3.6091413e-13,0.073054574,0.0
2018-01-30 22:30:00,3.72341e-08,8.65019e-14,4.8633635e-11,13241.576,3.5707207e-13,0.073054574,0.0
2018-01-30 23:30:00,3.7256267e-08,8.415784e-14,5.0567436e-11,13098.334,3.524742e-13,0.073054574,0.0
2018-01-31 00:30:00,3.7249645e-08,8.287284e-14,5.186968e-11,12955.299,3.4794308e-13,0.073054574,0.0
2018-01-31 01:30:00,3.7215788e-08,8.2371325e-14,5.2706325e-11,12709.681,3.4096413e-13,0.073054574,0.0
2018-01-31 02:30:00,3.715834e-08,8.224145e-14,5.3189213e-11,12488.146,3.3478973e-13,0.073054574,0.0
2018-01-31 03:30:00,3.7081215e-08,8.2040196e-14,5.3311976e-11,12300.855,3.2975426e-13,0.073054574,0.0
2018-01-31 04:30:00,3.699625e-08,8.1879226e-14,5.3191656e-11,12221.5205,3.2775939e-13,0.073054574,0.0
2018-01-31 05:30:00,3.6908453e-08,8.181961e-14,5.2918937e-11,12210.578,3.2779633e-13,0.073054574,0.0
2018-01-31 06:30:00,3.6812203e-08,8.238967e-14,5.26854e-11,12280.834,3.3001832e-13,0.073054574,0.0
2018-01-31 07:30:00,3.671576e-08,8.2777027e-14,5.2582345e-11,12514.685,3.3625926e-13,0.073054574,9.633085e-09
2018-01-31 08:30:00,3.6613613e-08,2.0679096e-12,4.617633e-11,98015.39,1.1444577e-12,0.0730548,0.0007304128
2018-01-31 09:30:00,3.651363e-08,8.774319e-12,4.1575576e-11,759019.7,4.6357002e-12,0.07305735,0.0038741436
2018-01-31 10:30:00,3.641548e-08,1.2170296e-11,3.709609e-11,1972214.0,8.932803e-12,0.07306608,0.0065512117
2018-01-31 11:30:00,3.6279197e-08,1.2300962e-11,3.2950673e-11,3224166.0,1.24676545e-11,0.07308288,0.00796598
2018-01-31 12:30:00,3.60946e-08,1.1674992e-11,2.9681976e-11,4131784.8,1.470372e-11,0.07310627,0.008769652
2018-01-31 13:30:00,3.5883204e-08,1.1045087e-11,2.7529036e-11,4505110.5,1.5598205e-11,0.07313262,0.009112176
2018-01-31 14:30:00,3.567371e-08,1.0548177e-11,2.656517e-11,4249592.0,1.5121612e-11,0.07315727,0.008940704
2018-01-31 15:30:00,3.5508638e-08,1.0108795e-11,2.6686677e-11,3411227.2,1.3237726e-11,0.07317598,0.0082229115
2018-01-31 16:30:00,3.541103e-08,9.479236e-12,2.7720446e-11,2245060.5,1.0124479e-11,0.07318684,0.006975252
2018-01-31 17:30:00,3.5371354e-08,7.542844e-12,2.9615605e-11,1046215.56,6.0167943e-12,0.073190846,0.004758218
2018-01-31 18:30:00,3.536252e-08,3.049428e-12,3.078599e-11,232075.94,2.0426944e-12,0.07319146,0.0016511305
2018-01-31 19:30:00,3.534036e-08,2.6750558e-13,3.5099257e-11,13340.643,3.5412802e-13,0.073191464,1.4832136e-05
2018-01-31 20:30:00,3.5293922e-08,1.2767538e-13,4.107701e-11,11827.75,3.3830312e-13,0.073191464,0.0
2018-01-31 21:30:00,3.526701e-08,9.7490484e-14,4.4526435e-11,11632.78,3.3334826e-13,0.073191464,0.0
2018-01-31 22:30:00,3.5255002e-08,9.0632126e-14,4.6497774e-11,11334.824,3.2469142e-13,0.073191464,0.0
2018-01-31 23:30:00,3.525068e-08,8.756287e-14,4.766968e-11,11064.205,3.1626028e-13,0.073191464,0.0
